ID,Bids,Time,Opening
2920504693,0.06,0.577997685,0.01
2920504693,10.5,0.642453704,0.01
2920504693,20.5,0.642592593,0.01
2920504693,31,0.642673611,0.01
2920504693,36,0.642766204,0.01
2920504693,46.01,0.64287037,0.01
2920504693,49,0.975393519,0.01
2920504693,51,1.623263889,0.01
2920504693,53.5,2.103831019,0.01
2920504693,76,2.52994213,0.01
2920504693,102.5,2.812916667,0.01
2920504693,102.5,2.813101852,0.01
2920504693,112.5,2.954375,0.01
2920504693,117.5,3.074583333,0.01
2920504693,142.5,3.530891204,0.01
2920504693,162.5,3.913472222,0.01
2920504693,172.5,3.913680556,0.01
2920504693,202.5,4.480590278,0.01
2920504693,207.5,6.664583333,0.01
2920504693,207.5,6.665150463,0.01
2920504693,212.51,6.70912037,0.01
2920504693,218,6.723194444,0.01
2920504693,227.5,6.815590278,0.01
3013787547,2.25,0.523726852,1
3013787547,3.25,0.523900463,1
3013787547,10.5,0.524155093,1
3013787547,10.5,0.525266204,1
3013787547,11.5,0.77337963,1
3013787547,22.5,0.792291667,1
3013787547,28.5,0.792650463,1
3013787547,36,0.793715278,1
3013787547,41,0.793981481,1
3013787547,102.5,1.901840278,1
3013787547,177.5,2.899097222,1
3013787547,187.5,4.045243056,1
3013787547,200,4.450763889,1
3013787547,213.19,4.457488426,1
3013787547,221.5,5.175659722,1
3013787547,226.5,6.94005787,1
3013874420,217.5,6.742997685,200
3013874420,222.5,6.984814815,200
3013874420,222.5,6.985150463,200
3013874420,227.5,6.994178241,200
3013874420,227.5,6.994340278,200
3013874420,242.5,6.997175926,200
3013874420,247.5,6.9975,200
3013884772,157.5,3.365277778,150
3013884772,162.51,6.697106481,150
3013884772,167.51,6.816550926,150
3013884772,177.5,6.816909722,150
3013884772,192.5,6.817222222,150
3013884772,202.5,6.817407407,150
3013884772,202.5,6.924756944,150
3013884772,205.5,6.950856481,150
3013884772,210.5,6.958611111,150
3013884772,212.5,6.958796296,150
3013884772,215.5,6.961701389,150
3013884772,220.5,6.973611111,150
3013884772,225.5,6.973784722,150
3013884772,227.51,6.973981481,150
3013884772,230.01,6.983530093,150
3013884772,235.01,6.987106481,150
3013912877,51,0.636863426,25
3013912877,76,0.637476852,25
3013912877,77,1.209606481,25
3013912877,100.99,1.209826389,25
3013912877,102.5,1.672210648,25
3013912877,122.5,3.795752315,25
3013912877,127.5,4.037962963,25
3013912877,142.5,4.038159722,25
3013912877,152.5,4.038333333,25
3013912877,157.5,4.674930556,25
3013912877,162.5,4.67525463,25
3013912877,162.5,4.676666667,25
3013912877,165,6.049016204,25
3013912877,172.5,6.273888889,25
3013912877,177.5,6.274282407,25
3013912877,182.5,6.274537037,25
3013912877,192.5,6.275289352,25
3013912877,202.5,6.275717593,25
3013912877,202.5,6.919166667,25
3013912877,222.5,6.940092593,25
3013912877,227.5,6.940277778,25
3014012355,40,1.07693287,39
3014012355,42,2.161423611,39
3014012355,51,3.122337963,39
3014012355,53,3.1246875,39
3014012355,55,3.124837963,39
3014012355,57,3.125,39
3014012355,60,3.125115741,39
3014012355,62,3.125243056,39
3014012355,66,3.125474537,39
3014012355,71,3.125740741,39
3014012355,76,3.12587963,39
3014012355,81,3.125960648,39
3014012355,83,3.126053241,39
3014012355,85,3.126319444,39
3014012355,91,3.126458333,39
3014012355,96,3.126643519,39
3014012355,102.5,3.126736111,39
3014012355,107.5,3.126909722,39
3014012355,152.5,4.973819444,39
3014012355,167.5,4.974571759,39
3014012355,172.5,5.890844907,39
3014012355,177.5,6.328553241,39
3014012355,192.19,6.360439815,39
3014012355,197.5,6.518831019,39
3014012355,202.5,6.582789352,39
3014012355,202.51,6.583842593,39
3014012355,205.5,6.631273148,39
3014012355,207.55,6.852847222,39
3014012355,217.5,6.879664352,39
3014012355,227.5,6.926805556,39
3014012355,232.5,6.927372685,39
3014012355,237.5,6.938009259,39
3014012355,237.5,6.998715278,39
3014012365,66,1.093553241,39
3014012365,71,1.094803241,39
3014012365,85,1.561400463,39
3014012365,96,1.613310185,39
3014012365,102.5,2.045671296,39
3014012365,105.5,2.537581019,39
3014012365,152.5,3.600347222,39
3014012365,157.5,4.663865741,39
3014012365,172.5,5.891435185,39
3014012365,177.51,5.895347222,39
3014012365,178.02,6.229293981,39
3014012365,187.5,6.405578704,39
3014012365,192.5,6.405798611,39
3014012365,212.5,6.574780093,39
3014012365,227.5,6.851655093,39
3015103095,202.5,5.056666667,190
3015328849,12.5,0.390138889,9
3015328849,13.5,0.876400463,9
3015328849,16,1.937685185,9
3015328849,20.5,1.93787037,9
3015328849,26,1.938055556,9
3015328849,31,2.106782407,9
3015328849,35.5,2.107071759,9
3015328849,38,2.664236111,9
3015328849,41,2.664375,9
3015328849,46,2.664525463,9
3015328849,50,2.672002315,9
3015328849,54,2.708171296,9
3015328849,66,2.708298611,9
3015328849,67,2.708391204,9
3015328849,71,5.883275463,9
3015328849,76,6.00587963,9
3015328849,76,6.006898148,9
3015328849,91,6.052719907,9
3015328849,102.5,6.188159722,9
3015328849,107.51,6.356261574,9
3015328849,123.51,6.356585648,9
3015328849,127.5,6.35693287,9
3015328849,128.51,6.417685185,9
3015328849,133,6.557048611,9
3015328849,137.5,6.596157407,9
3015328849,152.5,6.649027778,9
3015328849,153.5,6.749212963,9
3015328849,158,6.763449074,9
3015328849,177.5,6.99869213,9
3015328849,202.5,6.998819444,9
3015328849,212.5,6.999699074,9
3015396986,51,0.466840278,1
3015396986,76,0.467291667,1
3015396986,102.5,0.467430556,1
3015396986,104.57,0.815925926,1
3015396986,122.5,0.8275,1
3015396986,152.5,2.622118056,1
3015396986,157.5,2.622407407,1
3015396986,158.53,2.622627315,1
3015396986,162.5,3.878055556,1
3015396986,163.53,4.154351852,1
3015396986,179.05,4.455231481,1
3015396986,192.48,4.455451389,1
3015396986,202.5,4.45568287,1
3015396986,202.83,4.591469907,1
3015396986,207.83,5.496226852,1
3015396986,212.5,5.914710648,1
3015467305,10.5,0.70912037,1
3015467305,15.5,0.709259259,1
3015467305,41,1.287951389,1
3015467305,51,2.373206019,1
3015467305,70.02,4.405150463,1
3015467305,76.09,4.405729167,1
3015467305,78.09,4.406041667,1
3015467305,83.03,4.406400463,1
3015467305,88.02,4.406828704,1
3015467305,91.02,4.407222222,1
3015467305,94.02,4.407523148,1
3015467305,102.5,4.407824074,1
3015467305,102.5,4.408518519,1
3015467305,105.03,6.000532407,1
3015467305,107.5,6.066979167,1
3015467305,127.5,6.151574074,1
3015467305,138.5,6.152037037,1
3015467305,152.5,6.152384259,1
3015467305,153.5,6.381585648,1
3015467305,163.5,6.397916667,1
3015467305,168.51,6.398414352,1
3015467305,182.5,6.747916667,1
3015467305,199.5,6.876840278,1
3015467305,205.01,6.907476852,1
3015467305,210.01,6.90962963,1
3015467305,214.5,6.912511574,1
3015467305,220.5,6.944502315,1
3015467305,225.5,6.998912037,1
3015520551,1.25,0.505833333,1
3015520551,5.5,0.671493056,1
3015520551,7,1.4925,1
3015520551,8.5,1.493043981,1
3015520551,10.5,1.49318287,1
3015520551,19.5,2.439560185,1
3015520551,51,2.440497685,1
3015520551,102.5,3.009409722,1
3015520551,152.5,4.227118056,1
3015520551,162.5,4.227615741,1
3015520551,177.51,5.092986111,1
3015520551,202.5,5.984861111,1
3015520551,202.51,5.985266204,1
3015632013,31,1.904849537,20
3015632013,33,2.608738426,20
3015632013,51,3.415208333,20
3015632013,56,3.781840278,20
3015632013,76,4.227569444,20
3015632013,78,4.228032407,20
3015632013,81,5.045648148,20
3015632013,102.5,5.264340278,20
3015632013,122.5,5.264618056,20
3015632013,132.5,5.451319444,20
3015632013,135,6.259618056,20
3015632013,137.5,6.272048611,20
3015632013,142.5,6.293587963,20
3015632013,147.5,6.295173611,20
3015632013,152.5,6.29599537,20
3015632013,157.5,6.414050926,20
3015632013,157.5,6.414270833,20
3015632013,160,6.739803241,20
3015632013,162.5,6.747650463,20
3015632013,167.5,6.754664352,20
3015632013,185.76,6.755266204,20
3015632013,195.92,6.762523148,20
3015632013,200.92,6.826956019,20
3015632013,202.5,6.827893519,20
3015632013,212.5,6.990127315,20
3015632013,212.5,6.998946759,20
3015682701,51,0.145706019,1
3015682701,51,1.00125,1
3015682701,51,1.001423611,1
3015682701,51,1.001527778,1
3015682701,51,2.826423611,1
3015682701,51,4.262106481,1
3015682701,51,4.262476852,1
3015682701,51,4.27869213,1
3015682701,51,4.456180556,1
3015682701,51,4.456423611,1
3015682701,56,4.458576389,1
3015682701,61,4.458993056,1
3015682701,61,4.459166667,1
3015682701,63,5.265613426,1
3015682701,69.09,5.836122685,1
3015682701,102.5,5.997789352,1
3015682701,122.5,6.451215278,1
3015682701,127.5,6.45162037,1
3015682701,137.5,6.659108796,1
3015682701,142.5,6.807800926,1
3015682701,152.5,6.81037037,1
3015682701,167.5,6.823229167,1
3015682701,177.5,6.927175926,1
3015682701,177.5,6.927291667,1
3015682701,182.5,6.929236111,1
3015682701,182.5,6.929444444,1
3015682701,187.5,6.935844907,1
3015682701,187.5,6.936909722,1
3015682701,190.5,6.953761574,1
3015682701,198.5,6.962569444,1
3015682701,199.01,6.96318287,1
3015682701,204.5,6.963819444,1
3015682701,209.5,6.964236111,1
3015682701,214.5,6.992476852,1
3015682701,222.5,6.992893519,1
3015826410,152.5,5.32525463,150
3015826410,162.5,6.031354167,150
3015826410,163.5,6.282743056,150
3015826410,174.5,6.356111111,150
3015826410,184.5,6.416956019,150
3015826410,197,6.4178125,150
3015826410,203.21,6.756574074,150
3015826410,212.5,6.891145833,150
3015826410,224.05,6.905925926,150
3015826410,227.5,6.916863426,150
3015909790,23.08,0.679259259,1
3015909790,102.5,2.056631944,1
3015909790,152.5,4.745601852,1
3015909790,157.5,6.174814815,1
3015909790,175.5,6.661412037,1
3015909790,178.5,6.66974537,1
3015909790,202.5,6.676828704,1
3015909790,202.52,6.676979167,1
3015915692,66.49,0.512291667,9.99
3015915692,76,0.513171296,9.99
3015915692,79,1.819641204,9.99
3015915692,81.5,1.819895833,9.99
3015915692,84.55,1.820208333,9.99
3015915692,87,1.820474537,9.99
3015915692,89,1.8209375,9.99
3015915692,91,1.82193287,9.99
3015915692,94.5,2.353796296,9.99
3015915692,97,2.353935185,9.99
3015915692,103.99,4.686527778,9.99
3015915692,122.5,5.339768519,9.99
3015915692,138,5.658854167,9.99
3015915692,167.5,5.894375,9.99
3015915692,197.5,6.637384259,9.99
3015915692,202.5,6.63755787,9.99
3015915692,202.5,6.637951389,9.99
3015915692,207.5,6.789143519,9.99
3015915692,217.5,6.828449074,9.99
3017449549,51,0.169594907,0.01
3017449549,78.77,0.48806713,0.01
3017449549,81,1.675439815,0.01
3017449549,86,1.676018519,0.01
3017449549,91,1.676099537,0.01
3017449549,102.5,1.676215278,0.01
3017449549,102.5,1.676458333,0.01
3017449549,105,3.116111111,0.01
3017449549,112.5,3.829675926,0.01
3017449549,123.5,3.829907407,0.01
3017449549,142.5,5.290659722,0.01
3017449549,152.5,5.670462963,0.01
3017449549,162.5,5.670543981,0.01
3017449549,177.5,5.670613426,0.01
3017449549,177.5,6.029421296,0.01
3017449549,182.5,6.320185185,0.01
3017449549,187.5,6.320671296,0.01
3017449549,192.5,6.320983796,0.01
3017449549,198,6.321273148,0.01
3017449549,207.5,6.321701389,0.01
3017449549,212.5,6.322083333,0.01
3017449549,217.5,6.322465278,0.01
3017449549,228.01,6.322743056,0.01
3017449549,232.5,6.969756944,0.01
3017456210,232.5,6.423090278,225
3017457773,22,0.906770833,10
3017457773,23,2.03818287,10
3017457773,81,2.842037037,10
3017457773,102.5,2.948449074,10
3017457773,102.5,3.618680556,10
3017457773,127.5,4.721157407,10
3017457773,158,5.243668981,10
3017457773,163,6.814386574,10
3017457773,168,6.814583333,10
3017457773,173,6.814699074,10
3017457773,178,6.814884259,10
3017457773,183,6.815011574,10
3017457773,188,6.815208333,10
3017457773,202.5,6.924675926,10
3017457773,203.5,6.930208333,10
3017533541,11.5,0.453842593,0.01
3017533541,50.99,0.581979167,0.01
3017533541,51,0.585231481,0.01
3017533541,132.5,0.907060185,0.01
3017533541,152.5,0.907453704,0.01
3017533541,152.5,0.908773148,0.01
3017533541,162.5,2.978553241,0.01
3017533541,188,4.041828704,0.01
3017533541,196.5,4.057465278,0.01
3017533541,197.5,4.061203704,0.01
3017533541,207.5,6.773715278,0.01
3017533541,222.5,6.913356481,0.01
3017626592,102.5,2.192662037,100
3017626592,122.5,3.351990741,100
3017626592,142.5,3.793645833,100
3017626592,202.5,5.712766204,100
3017626592,212.5,6.586400463,100
3017626592,217.5,6.586527778,100
3017841326,177.5,1.252037037,150
3017841326,177.5,2.23306713,150
3017841326,177.5,2.233356481,150
3017841326,177.5,3.015289352,150
3017841326,182.5,6.139328704,150
3017841326,182.5,6.139537037,150
3017841326,185,6.139849537,150
3017841326,200,6.303414352,150
3017841326,202.5,6.935856481,150
3017841326,216.39,6.941689815,150
3017841326,223.39,6.94369213,150
3017841326,227.5,6.945960648,150
3017841326,234.39,6.996134259,150
3017882407,152.5,6.631342593,150
3017882407,177.5,6.832835648,150
3017882407,182.5,6.895115741,150
3017882407,188,6.991724537,150
3017907666,11.71,0.706828704,0.01
3017907666,26,0.707002315,0.01
3017907666,26.62,0.79306713,0.01
3017907666,31,0.807407407,0.01
3017907666,41,1.083206019,0.01
3017907666,51,1.085358796,0.01
3017907666,53.88,1.088206019,0.01
3017907666,61,1.122511574,0.01
3017907666,72.5,1.125277778,0.01
3017907666,82,1.126828704,0.01
3017907666,91,1.127627315,0.01
3017907666,96,1.128576389,0.01
3017907666,98,1.129409722,0.01
3017907666,102.5,1.131064815,0.01
3017907666,102.51,1.1321875,0.01
3017907666,105.01,1.63380787,0.01
3017907666,110.01,5.029803241,0.01
3017907666,117.65,5.051516204,0.01
3017907666,122.65,5.501585648,0.01
3017907666,127.5,5.501689815,0.01
3017907666,127.65,5.647928241,0.01
3017907666,132.65,5.707662037,0.01
3017907666,142.5,5.707789352,0.01
3017907666,152.5,5.70787037,0.01
3017907666,212.5,6.0409375,0.01
3017907666,225.01,6.041400463,0.01
3017907666,227.5,6.376863426,0.01
3017907666,232.5,6.804699074,0.01
3017907666,237.5,6.936689815,0.01
3018011210,5.5,0.415960648,0.01
3018011210,53.88,0.451550926,0.01
3018011210,55.88,0.719259259,0.01
3018011210,57.88,0.86931713,0.01
3018011210,59.88,0.869490741,0.01
3018011210,61.88,0.879398148,0.01
3018011210,63.88,0.879583333,0.01
3018011210,66,0.87974537,0.01
3018011210,73,1.160601852,0.01
3018011210,81,1.185173611,0.01
3018011210,102.51,4.630046296,0.01
3018011210,112.5,5.05556713,0.01
3018011210,117.5,5.055752315,0.01
3018011210,122.5,5.055891204,0.01
3018011210,132.5,5.05599537,0.01
3018011210,134.5,5.056134259,0.01
3018011210,142.5,5.371666667,0.01
3018011210,177.5,6.332546296,0.01
3018011210,212.5,6.354791667,0.01
3018011210,222.5,6.355381944,0.01
3018011210,227.5,6.356006944,0.01
3018011210,228.01,6.356226852,0.01
3018011210,232.5,6.904722222,0.01
3018011210,233.01,6.905300926,0.01
3018011210,238.01,6.907280093,0.01
3018011210,242.5,6.990405093,0.01
3018065500,51,1.808831019,50
3018065500,56,2.034270833,50
3018065500,58,2.093206019,50
3018065500,71,4.120625,50
3018065500,76,4.123171296,50
3018065500,76,4.798148148,50
3018065500,153.45,4.813877315,50
3018065500,172.5,6.007384259,50
3018065500,177.5,6.501469907,50
3018065500,182.5,6.709525463,50
3018065500,182.5,6.709895833,50
3018065500,202.5,6.848032407,50
3018065500,212.5,6.848159722,50
3018065500,222.5,6.849467593,50
3018091954,69.88,0.138136574,0.01
3018091954,102.5,0.630347222,0.01
3018091954,102.51,4.946296296,0.01
3018091954,108.5,5.42568287,0.01
3018091954,114.5,5.426041667,0.01
3018091954,122.5,5.426203704,0.01
3018091954,122.5,5.426400463,0.01
3018091954,127.5,5.688333333,0.01
3018091954,132.5,6.002731481,0.01
3018091954,177.5,6.019224537,0.01
3018091954,192.5,6.516863426,0.01
3018091954,201.5,6.517361111,0.01
3018091954,202.5,6.60962963,0.01
3018091954,212.5,6.63994213,0.01
3018091954,222.51,6.770185185,0.01
3018223901,20.5,1.181273148,10
3018223901,20.5,1.181701389,10
3018223901,31,3.019861111,10
3018223901,41,3.463344907,10
3018223901,51,3.46380787,10
3018223901,61,3.864814815,10
3018223901,61,3.865127315,10
3018223901,71,4.548414352,10
3018223901,71,4.548611111,10
3018223901,86,4.548819444,10
3018223901,91,4.548958333,10
3018223901,102.5,5.079502315,10
3018223901,112.51,6.034699074,10
3018223901,126.5,6.03587963,10
3018223901,130.5,6.055462963,10
3018223901,134.5,6.081458333,10
3018223901,138.5,6.0834375,10
3018223901,142.5,6.083877315,10
3018223901,146.5,6.087048611,10
3018228635,15.5,0.35630787,0.01
3018228635,16.5,2.255474537,0.01
3018228635,20.5,2.255752315,0.01
3018228635,43.88,2.255972222,0.01
3018228635,51,4.148831019,0.01
3018228635,51,4.148946759,0.01
3018228635,56,4.496018519,0.01
3018228635,69,4.602800926,0.01
3018228635,72,5.140023148,0.01
3018228635,76,5.22494213,0.01
3018228635,103.5,5.258680556,0.01
3018228635,112.5,5.258842593,0.01
3018228635,122.5,5.258958333,0.01
3018228635,132.5,5.819837963,0.01
3018228635,152.5,5.859490741,0.01
3018228635,162.5,6.217951389,0.01
3018228635,215.01,6.277118056,0.01
3018228635,220.01,6.2775,0.01
3018228635,225.02,6.277997685,0.01
3018228635,232.5,6.286678241,0.01
3018228635,232.5,6.287025463,0.01
3018228635,238.5,6.988668981,0.01
3018288277,5.5,0.578506944,0.01
3018288277,6.5,0.716863426,0.01
3018288277,10.5,0.717106481,0.01
3018288277,20.5,0.718032407,0.01
3018288277,41,2.106076389,0.01
3018288277,46,3.974710648,0.01
3018288277,51,3.975046296,0.01
3018288277,53.88,3.976122685,0.01
3018288277,56,4.999270833,0.01
3018288277,61,5.013055556,0.01
3018288277,66,5.594652778,0.01
3018288277,76,5.613773148,0.01
3018288277,78,5.660277778,0.01
3018288277,86,5.660439815,0.01
3018288277,91,5.660578704,0.01
3018288277,104,5.660729167,0.01
3018288277,118,5.66087963,0.01
3018288277,153,5.661122685,0.01
3018288277,167.5,5.885590278,0.01
3018288277,172.5,6.050844907,0.01
3018288277,202.5,6.607974537,0.01
3018288277,215.01,6.60931713,0.01
3018288277,220.5,6.753020833,0.01
3018288277,222.5,6.763136574,0.01
3018288277,227.51,6.868564815,0.01
3018288277,232.5,6.868969907,0.01
3018288277,232.51,6.889328704,0.01
3018288277,235.01,6.893888889,0.01
3018288277,238.5,6.968483796,0.01
3018288277,238.5,6.968715278,0.01
3018375809,26.99,0.189409722,9.99
3018375809,103.49,0.33,9.99
3018375809,152.5,3.92875,9.99
3018375809,152.5,4.448923611,9.99
3018375809,177.5,4.450092593,9.99
3018375809,182.5,4.450335648,9.99
3018375809,191.5,4.54318287,9.99
3018375809,192.5,4.543287037,9.99
3018375809,201.5,6.366030093,9.99
3018375809,202.5,6.694606481,9.99
3018375809,207.5,6.848275463,9.99
3018375809,212.5,6.848460648,9.99
3018375809,220.02,6.849085648,9.99
3018375809,220.02,6.995625,9.99
3018457930,20.5,0.140844907,0.01
3018457930,22.5,0.140914352,0.01
3018457930,26,0.14099537,0.01
3018457930,26,0.141076389,0.01
3018457930,27,0.196550926,0.01
3018457930,28,0.42712963,0.01
3018457930,39,0.521481481,0.01
3018457930,52,0.521747685,0.01
3018457930,61,0.522025463,0.01
3018457930,65,1.090416667,0.01
3018457930,76,5.517696759,0.01
3018457930,78,5.600798611,0.01
3018457930,102.5,5.670428241,0.01
3018457930,127.5,5.8028125,0.01
3018457930,142.5,5.80306713,0.01
3018457930,147.5,6.442627315,0.01
3018457930,152.5,6.442719907,0.01
3018457930,152.5,6.442835648,0.01
3018457930,155,6.474259259,0.01
3018457930,162.5,6.51912037,0.01
3018457930,177.5,6.519224537,0.01
3018457930,182.5,6.559178241,0.01
3018457930,182.5,6.559363426,0.01
3018457930,185,6.764618056,0.01
3018457930,202.5,6.780798611,0.01
3018457930,215.15,6.843900463,0.01
3018457930,225.02,6.878333333,0.01
3018581708,2.25,0.13880787,0.01
3018581708,41,0.274664352,0.01
3018581708,43,0.840856481,0.01
3018581708,45.5,0.845648148,0.01
3018581708,51.01,0.845798611,0.01
3018581708,71,1.835208333,0.01
3018581708,71.01,2.677916667,0.01
3018581708,73,5.666527778,0.01
3018581708,76.3,5.75275463,0.01
3018581708,80,5.807835648,0.01
3018581708,102.5,5.895752315,0.01
3018581708,133.5,5.907696759,0.01
3018581708,152.5,6.109074074,0.01
3018581708,152.5,6.109351852,0.01
3018581708,177.5,6.338125,0.01
3018581708,177.5,6.338923611,0.01
3018581708,180,6.672800926,0.01
3018581708,182.5,6.678263889,0.01
3018581708,187.5,6.679861111,0.01
3018581708,192.5,6.680324074,0.01
3018581708,202.5,6.68068287,0.01
3018581708,212.5,6.681388889,0.01
3018581708,212.5,6.685439815,0.01
3018581708,229.5,6.704131944,0.01
3018581708,232.5,6.704513889,0.01
3018604649,76,0.967592593,50
3018604649,76.55,0.967858796,50
3018604649,102.5,3.15994213,50
3018604649,152.5,3.487280093,50
3018604649,162.49,3.492465278,50
3018604649,167.5,3.504155093,50
3018604649,172.5,4.853865741,50
3018604649,177.5,4.854131944,50
3018604649,177.5,4.854409722,50
3018604649,182.5,6.572800926,50
3018604649,187.5,6.677800926,50
3018604649,187.5,6.682152778,50
3018604649,192.5,6.777337963,50
3018604649,197.5,6.777581019,50
3018604649,197.5,6.777905093,50
3018604649,201.5,6.840335648,50
3018604649,227.5,6.991018519,50
3018604649,240,6.991516204,50
3018604649,240,6.9975,50
3018623685,10.5,0.271805556,0.01
3018623685,20.5,0.290405093,0.01
3018623685,21.5,0.460902778,0.01
3018623685,23.5,0.461273148,0.01
3018623685,51,0.461493056,0.01
3018623685,51,1.342222222,0.01
3018623685,71,2.099108796,0.01
3018623685,77.32,2.099490741,0.01
3018623685,81,2.963576389,0.01
3018623685,91,2.998530093,0.01
3018623685,102.5,2.99869213,0.01
3018623685,112.5,2.998819444,0.01
3018623685,152.5,3.084930556,0.01
3018623685,162.5,3.085381944,0.01
3018623685,177.5,3.578460648,0.01
3018623685,182.5,5.792638889,0.01
3018623685,187.5,5.809386574,0.01
3018623685,192.5,5.905115741,0.01
3018623685,202.5,5.905358796,0.01
3018623685,212.5,5.906180556,0.01
3018623685,217.5,6.850046296,0.01
3018623685,222.5,6.916481481,0.01
3018632224,0.16,0.383275463,0.11
3018632224,0.3,0.421574074,0.11
3018632224,51,0.435266204,0.11
3018632224,76,0.435405093,0.11
3018632224,81.35,1.221574074,0.11
3018632224,102.5,1.568946759,0.11
3018632224,159.49,2.910532407,0.11
3018632224,178.49,2.917488426,0.11
3018632224,189.49,4.023738426,0.11
3018632224,197.5,5.625532407,0.11
3018632224,202.5,5.6259375,0.11
3018632224,207.5,6.893125,0.11
3018632224,207.5,6.968773148,0.11
3018632224,212.5,6.968912037,0.11
3018729635,1.25,0.270196759,0.01
3018729635,10.5,0.27525463,0.01
3018729635,10.5,1.429479167,0.01
3018729635,39.88,1.557800926,0.01
3018729635,51,2.225868056,0.01
3018729635,61,2.226076389,0.01
3018729635,61,2.704189815,0.01
3018729635,63,3.016006944,0.01
3018729635,76,4.077141204,0.01
3018729635,81,4.320752315,0.01
3018729635,91,5.278854167,0.01
3018729635,102.5,5.279363426,0.01
3018729635,122.5,5.279780093,0.01
3018729635,127.5,5.86869213,0.01
3018729635,152.5,5.908368056,0.01
3018729635,152.5,5.908622685,0.01
3018729635,177.5,6.004537037,0.01
3018729635,182.5,6.05287037,0.01
3018729635,192.5,6.053148148,0.01
3018729635,202.5,6.053425926,0.01
3018729635,202.5,6.053703704,0.01
3018729635,212.5,6.074814815,0.01
3018729635,212.5,6.074965278,0.01
3018729635,222.5,6.099178241,0.01
3018729635,222.5,6.099699074,0.01
3018729635,227.5,6.433483796,0.01
3018729635,232.5,6.990185185,0.01
3018729635,232.5,6.996539352,0.01
3018788243,0.55,0.511516204,0.01
3018788243,0.67,0.5978125,0.01
3018788243,1.25,0.597928241,0.01
3018788243,5.5,0.598078704,0.01
3018788243,5.5,0.59818287,0.01
3018788243,10.5,0.630231481,0.01
3018788243,12.5,1.199212963,0.01
3018788243,15.5,1.199375,0.01
3018788243,20.5,1.199513889,0.01
3018788243,26,1.199722222,0.01
3018788243,31,1.211747685,0.01
3018788243,39.88,1.218449074,0.01
3018788243,51,2.729722222,0.01
3018788243,51,3.708993056,0.01
3018788243,52,3.734652778,0.01
3018788243,61,3.885914352,0.01
3018788243,66,3.918449074,0.01
3018788243,71,3.963055556,0.01
3018788243,81,5.092638889,0.01
3018788243,86,5.116469907,0.01
3018788243,102.5,5.116840278,0.01
3018788243,107.5,5.11712963,0.01
3018788243,117.5,5.484085648,0.01
3018788243,122.5,5.484236111,0.01
3018788243,127.5,5.484340278,0.01
3018788243,127.5,5.484490741,0.01
3018788243,152.5,5.485856481,0.01
3018788243,152.5,6.025011574,0.01
3018788243,177.5,6.02525463,0.01
3018788243,177.5,6.212858796,0.01
3018788243,182.5,6.33431713,0.01
3018788243,192.5,6.619189815,0.01
3018788243,202.5,6.619699074,0.01
3018788243,207.5,6.620150463,0.01
3018788243,212.5,6.622627315,0.01
3018788243,217.5,6.622858796,0.01
3018788243,222.5,6.623113426,0.01
3018788243,225,6.832986111,0.01
3018788243,230,6.853020833,0.01
3018788243,232.5,6.98712963,0.01
3018788243,237.5,6.987662037,0.01
3018788243,242.5,6.990717593,0.01
3018788243,242.5,6.995474537,0.01
3018904443,21.5,0.170960648,0.01
3018904443,32,0.171076389,0.01
3018904443,51.51,0.1715625,0.01
3018904443,52,0.608912037,0.01
3018904443,61,2.403310185,0.01
3018904443,102.5,4.770405093,0.01
3018904443,102.5,5.06369213,0.01
3018904443,127.5,5.541203704,0.01
3018904443,132.5,5.933854167,0.01
3018904443,137.5,6.044699074,0.01
3018904443,147.5,6.182534722,0.01
3018904443,182.5,6.182835648,0.01
3018904443,187.5,6.774965278,0.01
3018904443,192.5,6.775868056,0.01
3018904443,197.5,6.776203704,0.01
3018904443,202.5,6.903171296,0.01
3018904443,202.5,6.903530093,0.01
3018904443,207.5,6.925208333,0.01
3018904443,207.5,6.925497685,0.01
3018904443,212.5,6.982881944,0.01
3018904443,217.5,6.983356481,0.01
3018904443,217.5,6.998298611,0.01
3019070859,10.5,0.139027778,0.01
3019070859,10.5,0.140578704,0.01
3019070859,11.5,0.162199074,0.01
3019070859,13.5,0.224537037,0.01
3019070859,15.5,0.225,0.01
3019070859,17,0.225231481,0.01
3019070859,18.5,0.226597222,0.01
3019070859,20.5,0.227719907,0.01
3019070859,26,0.41625,0.01
3019070859,31,0.79755787,0.01
3019070859,34,0.798483796,0.01
3019070859,41,0.79880787,0.01
3019070859,51,0.799085648,0.01
3019070859,59.88,0.886608796,0.01
3019070859,71,1.136759259,0.01
3019070859,76,1.137673611,0.01
3019070859,81,2.838252315,0.01
3019070859,102.5,3.029409722,0.01
3019070859,107.5,3.340949074,0.01
3019070859,112.5,3.341469907,0.01
3019070859,127.5,5.734027778,0.01
3019070859,137.5,5.768877315,0.01
3019070859,142.5,5.769039352,0.01
3019070859,142.5,5.769178241,0.01
3019070859,147.5,6.169409722,0.01
3019070859,162.5,6.327592593,0.01
3019070859,172.5,6.32818287,0.01
3019070859,177.5,6.344409722,0.01
3019070859,182.5,6.461990741,0.01
3019070859,202.5,6.511423611,0.01
3019070859,210,6.51162037,0.01
3019070859,212.5,6.512928241,0.01
3019070859,215,6.997303241,0.01
3019070859,217.5,6.997743056,0.01
3019070859,222.5,6.998668981,0.01
3019086590,202.5,6.999328704,200
3019100520,20.5,0.171111111,0.01
3019100520,51,0.25224537,0.01
3019100520,71,0.301064815,0.01
3019100520,73,4.766041667,0.01
3019100520,76,5.12244213,0.01
3019100520,86,5.227662037,0.01
3019100520,102.5,5.570162037,0.01
3019100520,102.5,6.229050926,0.01
3019100520,112.5,6.342037037,0.01
3019100520,117.5,6.342627315,0.01
3019100520,127.5,6.347488426,0.01
3019100520,127.5,6.347638889,0.01
3019100520,137.5,6.69775463,0.01
3019100520,147.5,6.733171296,0.01
3019100520,152.5,6.733356481,0.01
3019100520,157.5,6.733472222,0.01
3019100520,172.5,6.733634259,0.01
3019100520,187.5,6.94556713,0.01
3019100520,202.5,6.947581019,0.01
3019100520,202.5,6.949027778,0.01
3019100520,207.5,6.998310185,0.01
3019100520,222.5,6.999456019,0.01
3019119068,187.5,6.997928241,180
3019119068,192.5,6.998645833,180
3019119068,202.5,6.999872685,180
3019146651,10.5,0.140648148,1
3019146651,11.5,0.485717593,1
3019146651,51,0.720844907,1
3019146651,77,0.721018519,1
3019146651,102.5,0.721180556,1
3019146651,107.5,0.793356481,1
3019146651,112.5,0.793506944,1
3019146651,123.5,2.05619213,1
3019146651,125.5,4.211041667,1
3019146651,152.5,4.674016204,1
3019146651,152.5,4.674282407,1
3019146651,162.5,5.184212963,1
3019146651,162.5,5.184351852,1
3019146651,167.5,5.380671296,1
3019146651,172.5,5.599039352,1
3019146651,177.5,5.67150463,1
3019146651,182.5,5.724826389,1
3019146651,187.5,5.990798611,1
3019146651,192.5,5.991342593,1
3019146651,197.5,5.99162037,1
3019146651,197.5,5.991921296,1
3019146651,202.5,6.062418981,1
3019146651,212.5,6.419178241,1
3019146651,217.5,6.419398148,1
3019146651,217.5,6.419641204,1
3019146651,222.5,6.487164352,1
3019146651,230,6.716111111,1
3019146651,232.5,6.731284722,1
3019146651,235,6.751736111,1
3019146651,237.5,6.821585648,1
3019148335,51,0.6996875,0.01
3019148335,53,2.062662037,0.01
3019148335,59.88,2.06275463,0.01
3019148335,61,3.844675926,0.01
3019148335,76,4.243194444,0.01
3019148335,102.5,5.026053241,0.01
3019148335,122.5,5.026203704,0.01
3019148335,132.5,6.411319444,0.01
3019148335,152.5,6.535949074,0.01
3019148335,154.19,6.800324074,0.01
3019148335,202.5,6.800914352,0.01
3019148335,202.5,6.837546296,0.01
3019148335,202.7,6.83931713,0.01
3019148335,217.7,6.843344907,0.01
3019148335,222.7,6.843993056,0.01
3019148335,227.7,6.966053241,0.01
3019173309,36,0.48318287,0.01
3019173309,51,0.483321759,0.01
3019173309,59.88,5.123541667,0.01
3019173309,71,5.587615741,0.01
3019173309,81,5.58806713,0.01
3019173309,86,5.589050926,0.01
3019173309,102.5,5.90712963,0.01
3019173309,122.5,6.455960648,0.01
3019173309,152.45,6.572847222,0.01
3019173309,152.5,6.613287037,0.01
3019173309,155,6.719444444,0.01
3019173309,157.5,6.723125,0.01
3019173309,160,6.754201389,0.01
3019173309,168.06,6.885717593,0.01
3019173309,180.5,6.930856481,0.01
3019173309,187.5,6.938483796,0.01
3019173309,192.5,6.950162037,0.01
3019173309,192.5,6.950775463,0.01
3019173309,202.5,6.958993056,0.01
3019173309,212.5,6.971145833,0.01
3019173309,222.5,6.973645833,0.01
3019173309,227.5,6.974212963,0.01
3019245076,26,0.208773148,0.01
3019245076,51,0.876631944,0.01
3019245076,53,2.414039352,0.01
3019245076,55,2.414178241,0.01
3019245076,57,2.414282407,0.01
3019245076,66,2.414409722,0.01
3019245076,71,2.414525463,0.01
3019245076,81,2.414652778,0.01
3019245076,100.99,2.414756944,0.01
3019245076,102.5,4.124085648,0.01
3019245076,122.5,5.204733796,0.01
3019245076,152.5,5.858090278,0.01
3019245076,152.5,5.916990741,0.01
3019245076,157.5,6.35130787,0.01
3019245076,162.5,6.351423611,0.01
3019245076,167.5,6.351655093,0.01
3019245076,172.5,6.352152778,0.01
3019245076,177.5,6.352291667,0.01
3019245076,182.5,6.570902778,0.01
3019245076,185,6.70349537,0.01
3019245076,202.5,6.706400463,0.01
3019245076,202.5,6.841863426,0.01
3019259186,10.5,0.107326389,1
3019259186,51,0.152997685,1
3019259186,61,0.153402778,1
3019259186,71,0.153506944,1
3019259186,86,0.155706019,1
3019259186,97,0.186365741,1
3019259186,102.5,0.186539352,1
3019259186,107.5,2.438414352,1
3019259186,113.5,4.807025463,1
3019259186,117.5,5.016921296,1
3019259186,122.5,5.300833333,1
3019259186,132.5,5.859201389,1
3019259186,152.5,5.859305556,1
3019259186,157.5,6.325671296,1
3019259186,162.5,6.325891204,1
3019259186,172.5,6.326261574,1
3019259186,172.5,6.614456019,1
3019259186,187.5,6.766481481,1
3019259186,197.5,6.796643519,1
3019259186,202.5,6.796782407,1
3019259186,202.5,6.796990741,1
3019259186,207.5,6.96005787,1
3019259186,212.5,6.988483796,1
3019259186,224.51,6.989594907,1
3019259186,229.51,6.993298611,1
3019259186,242,6.994837963,1
3019259186,242.5,6.995138889,1
3019271858,20.5,0.122511574,0.01
3019271858,26,0.122662037,0.01
3019271858,51.69,0.652465278,0.01
3019271858,102.5,4.430798611,0.01
3019271858,102.5,5.9209375,0.01
3019271858,107.5,5.966319444,0.01
3019271858,112.5,5.976921296,0.01
3019271858,152.45,6.254479167,0.01
3019271858,157.5,6.420844907,0.01
3019271858,162.5,6.420949074,0.01
3019271858,172.5,6.421122685,0.01
3019271858,177.5,6.922407407,0.01
3019271858,178.5,6.940636574,0.01
3019271858,182.5,6.946076389,0.01
3019271858,184.31,6.947604167,0.01
3019271858,187.5,6.94869213,0.01
3019271858,202.5,6.951550926,0.01
3019271858,202.51,6.951805556,0.01
3019271858,208.51,6.956435185,0.01
3019271858,213.61,6.992314815,0.01
3019271858,220.68,6.992546296,0.01
3019271858,222.5,6.99275463,0.01
3019271858,225.78,6.997986111,0.01
3019271858,232.8,6.998229167,0.01
3019271858,238.86,6.998356481,0.01
3019271858,240.5,6.998460648,0.01
3019326300,102.5,5.817141204,100
3019326300,112.5,5.840381944,100
3019326300,127.5,5.840671296,100
3019326300,137.5,5.840949074,100
3019326300,152.5,5.841400463,100
3019326300,152.5,6.794733796,100
3019326300,173.49,6.825601852,100
3019326300,202.5,6.963009259,100
3019326870,5.5,0.151203704,0.01
3019326870,5.51,0.151354167,0.01
3019326870,7.37,0.584467593,0.01
3019326870,10.5,0.833252315,0.01
3019326870,20.5,0.873888889,0.01
3019326870,20.5,0.87400463,0.01
3019326870,22.5,1.233784722,0.01
3019326870,29,1.488518519,0.01
3019326870,36,1.731423611,0.01
3019326870,41,1.732118056,0.01
3019326870,46,1.732314815,0.01
3019326870,51,1.732511574,0.01
3019326870,56,1.732627315,0.01
3019326870,61,2.108541667,0.01
3019326870,66,2.10869213,0.01
3019326870,66.5,2.108831019,0.01
3019326870,71,4.209791667,0.01
3019326870,73,4.267152778,0.01
3019326870,75,4.422002315,0.01
3019326870,102.5,4.422268519,0.01
3019326870,112.5,4.648368056,0.01
3019326870,117.5,4.648483796,0.01
3019326870,122.5,4.648576389,0.01
3019326870,122.5,4.64875,0.01
3019326870,127.5,6.684016204,0.01
3019326870,132.5,6.688703704,0.01
3019326870,152.45,6.689143519,0.01
3019326870,180.27,6.691377315,0.01
3019326870,185.27,6.879131944,0.01
3019326870,202.5,6.923194444,0.01
3019326870,227.5,6.956875,0.01
3019342231,36,0.133530093,25
3019342231,51,2.820416667,25
3019342231,51,2.82087963,25
3019342231,52,4.9890625,25
3019342231,57,5.347488426,25
3019342231,61,5.366331019,25
3019342231,67,5.407291667,25
3019342231,76,5.437731481,25
3019342231,96,5.439513889,25
3019342231,96,5.715868056,25
3019342231,96,5.859305556,25
3019342231,103.5,6.329201389,25
3019342231,103.5,6.619108796,25
3019342231,117.5,6.619201389,25
3019342231,122.5,6.640381944,25
3019342231,127.52,6.654305556,25
3019342231,127.52,6.844675926,25
3019342231,133.5,6.844884259,25
3019342231,137.5,6.847361111,25
3019342231,138.5,6.885266204,25
3019342231,152.5,6.948645833,25
3019342231,158,6.951458333,25
3019342231,167.5,6.985752315,25
3019342231,172.01,6.993229167,25
3019342231,172.51,6.995810185,25
3019342231,182.5,6.999479167,25
3019342231,184.01,6.999641204,25
3019428008,0.06,0.067986111,0.01
3019428008,0.15,0.108043981,0.01
3019428008,1,0.119340278,0.01
3019428008,4.7,0.119826389,0.01
3019428008,10.5,0.859722222,0.01
3019428008,11,0.912418981,0.01
3019428008,12.5,1.971226852,0.01
3019428008,15.5,3.0609375,0.01
3019428008,17.5,3.524328704,0.01
3019428008,20.5,3.524594907,0.01
3019428008,37.88,3.524722222,0.01
3019428008,51,4.13068287,0.01
3019428008,66,4.311423611,0.01
3019428008,76,4.311631944,0.01
3019428008,91,5.07494213,0.01
3019428008,102.5,5.075069444,0.01
3019428008,102.5,6.086180556,0.01
3019428008,128.49,6.12412037,0.01
3019428008,143.49,6.124398148,0.01
3019428008,152.45,6.125347222,0.01
3019428008,153.49,6.692789352,0.01
3019428008,177.5,6.703738426,0.01
3019428008,183.49,6.770752315,0.01
3019428008,192.49,6.772002315,0.01
3019428008,202.5,6.906759259,0.01
3019428008,207.5,6.907106481,0.01
3019428008,212.5,6.907534722,0.01
3019428008,222.5,6.964490741,0.01
3019428008,232.5,6.998680556,0.01
3019428008,238,6.999293981,0.01
3019459282,0.11,0.191006944,0.01
3019459282,3.25,0.191180556,0.01
3019459282,10.5,0.234791667,0.01
3019459282,41,1.309444444,0.01
3019459282,51,1.309571759,0.01
3019459282,51,3.421539352,0.01
3019459282,61,4.78681713,0.01
3019459282,66,5.629108796,0.01
3019459282,102.5,5.973298611,0.01
3019459282,127.5,6.058634259,0.01
3019459282,149.66,6.20662037,0.01
3019459282,152.5,6.23125,0.01
3019459282,177.5,6.706747685,0.01
3019459282,189.5,6.7246875,0.01
3019459282,194.5,6.726030093,0.01
3019459282,212.5,6.805381944,0.01
3019459282,217.5,6.952418981,0.01
3019459282,219.5,6.952592593,0.01
3019459282,222.5,6.984537037,0.01
3019459282,230.5,6.999768519,0.01
3019516140,61,6.061180556,25
3019516140,66,6.061539352,25
3019516140,71,6.552881944,25
3019516140,86,6.608020833,25
3019516140,127.5,6.622303241,25
3019516140,152.5,6.775416667,25
3019516140,202.5,6.776203704,25
3019516140,202.5,6.878969907,25
3019516140,205,6.8796875,25
3019516140,212.5,6.88005787,25
3019610737,5.5,0.148344907,0.01
3019610737,7.5,0.150486111,0.01
3019610737,10.5,0.150706019,0.01
3019610737,15.5,0.174837963,0.01
3019610737,26,0.485763889,0.01
3019610737,32.03,0.702303241,0.01
3019610737,51,1.635706019,0.01
3019610737,71,5.10806713,0.01
3019610737,76,5.464953704,0.01
3019610737,122.5,6.023900463,0.01
3019610737,127.5,6.054675926,0.01
3019610737,132.5,6.055358796,0.01
3019610737,137.5,6.056377315,0.01
3019610737,139.04,6.057453704,0.01
3019610737,141.54,6.151574074,0.01
3019610737,152.5,6.365023148,0.01
3019610737,162.5,6.429606481,0.01
3019610737,177.5,6.430150463,0.01
3019610737,182.5,6.430636574,0.01
3019610737,192.5,6.46375,0.01
3019610737,197.5,6.4640625,0.01
3019610737,202.5,6.464363426,0.01
3019610737,202.5,6.464675926,0.01
3019610737,207.5,6.79412037,0.01
3019610737,217.5,6.799560185,0.01
3019610737,227.5,6.964398148,0.01
3019610737,237.5,6.970555556,0.01
3019610737,242.5,6.971053241,0.01
3019696199,0.1,0.21787037,0.01
3019696199,0.11,0.219768519,0.01
3019696199,5.5,0.368599537,0.01
3019696199,10.5,0.577361111,0.01
3019696199,15.5,1.160127315,0.01
3019696199,20.55,1.160486111,0.01
3019696199,23.5,3.07162037,0.01
3019696199,26,4.005219907,0.01
3019696199,31.05,4.49162037,0.01
3019696199,86,4.688877315,0.01
3019696199,96,4.693483796,0.01
3019696199,122.5,5.818738426,0.01
3019696199,127.5,5.819189815,0.01
3019696199,148.5,5.905891204,0.01
3019696199,153.5,5.906805556,0.01
3019696199,177.5,6.585497685,0.01
3019696199,187.5,6.754537037,0.01
3019696199,202.5,6.76224537,0.01
3019696199,202.5,6.762928241,0.01
3019696199,202.5,6.807673611,0.01
3019696199,207.5,6.871898148,0.01
3019696199,217.5,6.877939815,0.01
3019696199,217.61,6.951747685,0.01
3019696199,222.5,6.983194444,0.01
3019696199,222.61,6.983854167,0.01
3019696199,227.5,6.998055556,0.01
3019696199,232.5,6.99869213,0.01
3019696199,237.5,6.99900463,0.01
3019696199,242.5,6.999282407,0.01
3019696199,242.5,6.999537037,0.01
3019783040,127.5,5.136585648,100
3019783040,152.5,5.13693287,100
3019783040,153.52,5.137349537,100
3019783040,162.5,5.425868056,100
3019783040,167.5,6.125219907,100
3019783040,168.5,6.125578704,100
3019783040,172.5,6.191967593,100
3019783040,173.5,6.2075,100
3019783040,187.5,6.364722222,100
3019783040,192.5,6.365150463,100
3019783040,197.5,6.3734375,100
3019783040,202.5,6.373831019,100
3019783040,202.51,6.374097222,100
3019783040,205.01,6.923344907,100
3019783040,217.5,6.985451389,100
3019783040,222.5,6.985856481,100
3019783040,232.5,6.999490741,100
3019821569,1.25,0.892743056,0.01
3019821569,15.5,0.914351852,0.01
3019821569,20.5,0.972650463,0.01
3019821569,21.5,1.113356481,0.01
3019821569,37.88,1.542303241,0.01
3019821569,51,1.983356481,0.01
3019821569,76,2.422731481,0.01
3019821569,76,2.977962963,0.01
3019821569,102.5,5.163946759,0.01
3019821569,102.5,5.909791667,0.01
3019821569,107.5,5.982199074,0.01
3019821569,112.5,5.982465278,0.01
3019821569,117.5,5.982662037,0.01
3019821569,122.5,6.077141204,0.01
3019821569,127.5,6.245694444,0.01
3019821569,128.51,6.248518519,0.01
3019821569,133.51,6.249571759,0.01
3019821569,152.5,6.256678241,0.01
3019821569,162.5,6.256967593,0.01
3019821569,177.5,6.257256944,0.01
3019821569,202.5,6.832905093,0.01
3019821569,222.5,6.977199074,0.01
3019821569,232.5,6.977951389,0.01
3019821569,232.5,6.978877315,0.01
3019821569,237.5,6.993298611,0.01
3019873456,1.25,0.635092593,0.01
3019873456,5.5,0.635243056,0.01
3019873456,10.5,0.66650463,0.01
3019873456,11.5,0.88255787,0.01
3019873456,31,0.912094907,0.01
3019873456,37.88,3.495011574,0.01
3019873456,41,3.84943287,0.01
3019873456,46,4.924409722,0.01
3019873456,48,4.967534722,0.01
3019873456,50,4.967743056,0.01
3019873456,51,4.967835648,0.01
3019873456,52,5.323622685,0.01
3019873456,91,5.460219907,0.01
3019873456,152.5,5.758622685,0.01
3019873456,152.5,5.75880787,0.01
3019873456,157.5,6.013761574,0.01
3019873456,162.5,6.014108796,0.01
3019873456,177.5,6.13880787,0.01
3019873456,182.5,6.624803241,0.01
3019873456,228.26,6.761006944,0.01
3019873456,232.5,6.891840278,0.01
3019873456,237.5,6.924652778,0.01
3019873456,242.5,6.933136574,0.01
3019972424,20.5,0.251053241,0.01
3019972424,37.88,1.249340278,0.01
3019972424,41.01,3.307974537,0.01
3019972424,51,4.684791667,0.01
3019972424,61,4.920462963,0.01
3019972424,71,5.068923611,0.01
3019972424,91,5.069131944,0.01
3019972424,112.5,5.069363426,0.01
3019972424,122.5,5.069537037,0.01
3019972424,127.5,5.069768519,0.01
3019972424,152.5,5.11375,0.01
3019972424,153.85,5.114016204,0.01
3019972424,158.85,5.209513889,0.01
3019972424,162.5,5.209768519,0.01
3019972424,167.5,5.325266204,0.01
3019972424,172.5,5.924583333,0.01
3019972424,177.5,5.924953704,0.01
3019972424,177.5,6.202060185,0.01
3019972424,182.5,6.249756944,0.01
3019972424,187.5,6.728657407,0.01
3019972424,212.5,6.743194444,0.01
3019972424,217.5,6.893761574,0.01
3019972424,225.01,6.901076389,0.01
3019972424,235.05,6.992256944,0.01
3020017121,10.49,0.226006944,9.99
3020017121,10.99,1.727974537,9.99
3020017121,21.5,1.830185185,9.99
3020017121,44.07,2.018680556,9.99
3020017121,56,4.150381944,9.99
3020017121,60,4.84400463,9.99
3020017121,80,4.962731481,9.99
3020017121,100,4.962962963,9.99
3020017121,111.5,4.96306713,9.99
3020017121,141.5,5.037858796,9.99
3020017121,157.5,5.037974537,9.99
3020017121,161.5,6.347800926,9.99
3020017121,177.5,6.480555556,9.99
3020017121,202.5,6.716979167,9.99
3020017121,202.5,6.717222222,9.99
3020017121,205,6.926203704,9.99
3020017121,212.5,6.985671296,9.99
3020017121,214.5,6.987141204,9.99
3020017121,219.5,6.991458333,9.99
3020017121,232.5,6.994189815,9.99
3020017121,232.5,6.99443287,9.99
3020017121,235,6.994953704,9.99
3020017121,242.5,6.99537037,9.99
3020017121,247.5,6.998680556,9.99
3020026227,31,0.571134259,0.01
3020026227,33,1.884293981,0.01
3020026227,56,1.943599537,0.01
3020026227,102.5,4.151759259,0.01
3020026227,102.5,4.554675926,0.01
3020026227,112.5,5.929548611,0.01
3020026227,128.49,6.444965278,0.01
3020026227,133.49,6.445393519,0.01
3020026227,138.49,6.445648148,0.01
3020026227,152.5,6.523576389,0.01
3020026227,157.5,6.594502315,0.01
3020026227,157.7,6.660127315,0.01
3020026227,175.01,6.698611111,0.01
3020026227,180.01,6.770358796,0.01
3020026227,185.01,6.770983796,0.01
3020026227,187.5,6.939652778,0.01
3020026227,212.5,6.976689815,0.01
3020026227,222.5,6.976863426,0.01
3020060476,0.15,0.877314815,0.01
3020060476,10.5,0.932928241,0.01
3020060476,37.88,1.846388889,0.01
3020060476,46,4.612175926,0.01
3020060476,76,4.890532407,0.01
3020060476,81,4.89087963,0.01
3020060476,102.5,5.926886574,0.01
3020060476,117.5,5.959293981,0.01
3020060476,127,5.959513889,0.01
3020060476,127.5,5.959675926,0.01
3020060476,137.5,6.052372685,0.01
3020060476,147.5,6.052986111,0.01
3020060476,152.5,6.551145833,0.01
3020060476,177.51,6.645925926,0.01
3020060476,181.5,6.865138889,0.01
3020060476,182.51,6.872893519,0.01
3020060476,190.02,6.900925926,0.01
3020060476,201.5,6.943391204,0.01
3020060476,207.6,6.952800926,0.01
3020060476,222.5,6.99306713,0.01
3020109475,167.5,6.469421296,150
3020109475,172.5,6.57943287,150
3020109475,177.5,6.60150463,150
3020109475,182.5,6.627777778,150
3020109475,187.5,6.731458333,150
3020109475,202.5,6.805821759,150
3020109475,212.5,6.806145833,150
3020109475,212.5,6.80630787,150
3020125049,182.5,5.125833333,175
3020125049,192.5,5.71400463,175
3020125049,202.5,5.714525463,175
3020125049,202.5,5.714930556,175
3020125049,207.5,5.916041667,175
3020125049,212.5,6.72837963,175
3020125049,212.5,6.953599537,175
3020125049,227.5,6.963263889,175
3020143804,2.25,0.073402778,0.01
3020143804,5.5,0.087256944,0.01
3020143804,10.5,0.316886574,0.01
3020143804,31,0.40837963,0.01
3020143804,36,2.344166667,0.01
3020143804,37.88,2.344444444,0.01
3020143804,51,4.007662037,0.01
3020143804,51,4.417280093,0.01
3020143804,152.5,5.390439815,0.01
3020143804,152.6,5.857719907,0.01
3020143804,157.6,6.169247685,0.01
3020143804,173.62,6.283229167,0.01
3020143804,177.5,6.354768519,0.01
3020143804,207.6,6.395208333,0.01
3020143804,222.5,6.448055556,0.01
3020143804,222.5,6.448356481,0.01
3020143804,225,6.933576389,0.01
3020159852,1.25,2.366226852,1
3020159852,76,3.067777778,1
3020159852,102.5,4.006273148,1
3020159852,102.5,6.229224537,1
3020159852,127.6,6.358391204,1
3020159852,152.5,6.604884259,1
3020159852,182.5,6.789826389,1
3020159852,187.5,6.951284722,1
3020159852,202.5,6.953287037,1
3020159852,202.5,6.968090278,1
3020160387,1.5,0.756284722,1
3020160387,52.51,2.120891204,1
3020160387,76,2.880671296,1
3020160387,102.5,2.956840278,1
3020160387,102.5,3.262592593,1
3020160387,112.5,3.263020833,1
3020160387,118.01,5.210868056,1
3020160387,127.5,5.211041667,1
3020160387,128.01,6.337349537,1
3020160387,152.5,6.410520833,1
3020160387,162.5,6.42056713,1
3020160387,182.5,6.831111111,1
3020160387,187.5,6.923148148,1
3020160387,191.5,6.944780093,1
3020160387,196.5,6.985069444,1
3020160387,202.5,6.988101852,1
3020160387,204.5,6.989791667,1
3020160387,207.5,6.995196759,1
3020160387,208,6.996134259,1
3020160387,210.5,6.997916667,1
3020237085,102.5,0.401064815,50
3020237085,102.5,1.974606481,50
3020237085,122.5,2.858333333,50
3020237085,152.5,6.307025463,50
3020237085,153.5,6.307199074,50
3020237085,167.5,6.53880787,50
3020237085,172.5,6.714594907,50
3020237085,177.5,6.7146875,50
3020237085,187.5,6.715439815,50
3020237085,192.5,6.715601852,50
3020237085,202.5,6.8728125,50
3020237085,207.5,6.87318287,50
3020237085,212.5,6.87337963,50
3020237085,222.5,6.873634259,50
3020237085,227.5,6.87380787,50
3020237085,229.5,6.874039352,50
3020237201,2.25,0.504398148,0.01
3020237201,31,0.999224537,0.01
3020237201,31.05,1.0046875,0.01
3020237201,41,1.031678241,0.01
3020237201,41.88,1.040011574,0.01
3020237201,46,1.611099537,0.01
3020237201,51,1.861527778,0.01
3020237201,51,1.862233796,0.01
3020237201,56,4.073368056,0.01
3020237201,102.5,5.356666667,0.01
3020237201,112.5,5.612951389,0.01
3020237201,117.5,5.613726852,0.01
3020237201,152.5,6.023078704,0.01
3020237201,177.5,6.071377315,0.01
3020237201,182.5,6.118113426,0.01
3020237201,192.51,6.575243056,0.01
3020237201,197.51,6.665578704,0.01
3020237201,202.51,6.928090278,0.01
3020237201,207.51,6.928275463,0.01
3020237201,212.51,6.928564815,0.01
3020237201,222.5,6.947025463,0.01
3020237201,227.5,6.99943287,0.01
3020237201,232.5,6.999675926,0.01
3020257463,1.25,0.501701389,0.01
3020257463,26,0.537962963,0.01
3020257463,76,0.538402778,0.01
3020257463,102.5,1.065127315,0.01
3020257463,120.5,4.002094907,0.01
3020257463,152.5,5.934224537,0.01
3020257463,162.5,6.463206019,0.01
3020257463,177.5,6.472986111,0.01
3020257463,191.5,6.473344907,0.01
3020257463,192.5,6.473530093,0.01
3020257463,202.5,6.551030093,0.01
3020257463,220.5,6.63068287,0.01
3020257463,232.5,6.631030093,0.01
3020257463,238.5,6.631157407,0.01
3020274575,102.5,4.513969907,100
3020274575,107.5,4.559722222,100
3020274575,122.5,4.560231481,100
3020274575,128.16,4.560590278,100
3020274575,152.5,6.458449074,100
3020274575,153.5,6.458680556,100
3020274575,160.5,6.777523148,100
3020274575,165.5,6.777939815,100
3020274575,172.5,6.778263889,100
3020329965,51,3.131238426,1
3020329965,53,4.814548611,1
3020329965,55,4.814814815,1
3020329965,57,4.815011574,1
3020329965,61,4.815277778,1
3020329965,63,4.907835648,1
3020329965,66,4.908101852,1
3020329965,69,4.908368056,1
3020329965,71,4.908506944,1
3020329965,73,5.060891204,1
3020329965,76,5.061747685,1
3020329965,113.5,5.138194444,1
3020329965,143.03,6.103240741,1
3020329965,152.5,6.130671296,1
3020329965,152.5,6.130868056,1
3020329965,162.5,6.3978125,1
3020329965,177.5,6.398136574,1
3020329965,187.5,6.4421875,1
3020329965,187.5,6.44244213,1
3020329965,192.5,6.826863426,1
3020329965,192.5,6.826979167,1
3020329965,195,6.894861111,1
3020329965,197.5,6.916597222,1
3020329965,204.5,6.965983796,1
3020329965,212.5,6.966909722,1
3020329965,212.5,6.989791667,1
3020329965,217.5,6.990023148,1
3020334869,37.88,0.369039352,0.01
3020334869,39.88,4.810775463,0.01
3020334869,41.88,4.810960648,0.01
3020334869,43.88,4.811180556,0.01
3020334869,51,4.953263889,0.01
3020334869,76,5.230601852,0.01
3020334869,102.5,5.2309375,0.01
3020334869,102.5,5.231296296,0.01
3020334869,112.5,5.246898148,0.01
3020334869,127.5,5.8090625,0.01
3020334869,142.5,5.835405093,0.01
3020334869,152.5,5.965092593,0.01
3020334869,157.5,6.048136574,0.01
3020334869,162.5,6.048391204,0.01
3020334869,177.5,6.049456019,0.01
3020334869,202.5,6.095081019,0.01
3020334869,202.5,6.095856481,0.01
3020334869,205,6.106585648,0.01
3020334869,211.33,6.833518519,0.01
3020334869,217.5,6.881724537,0.01
3020334869,224.5,6.882175926,0.01
3020334869,227.5,6.882349537,0.01
3020334869,229.5,6.892951389,0.01
3020334869,232.5,6.994513889,0.01
3020334869,234.5,6.998356481,0.01
3020431774,31,0.542037037,0.01
3020431774,37.88,2.987523148,0.01
3020431774,40,3.555208333,0.01
3020431774,42,3.555474537,0.01
3020431774,46,3.555717593,0.01
3020431774,46,4.006689815,0.01
3020431774,51.99,5.043078704,0.01
3020431774,56,5.285381944,0.01
3020431774,59,5.462326389,0.01
3020431774,66,5.486539352,0.01
3020431774,76,5.487638889,0.01
3020431774,81,5.487835648,0.01
3020431774,86,5.488009259,0.01
3020431774,91,5.488148148,0.01
3020431774,102.5,5.59537037,0.01
3020431774,107.5,5.618263889,0.01
3020431774,112.5,5.618402778,0.01
3020431774,127.5,6.168171296,0.01
3020431774,152.5,6.173738426,0.01
3020431774,172.5,6.173969907,0.01
3020431774,177.5,6.174108796,0.01
3020431774,187.5,6.504710648,0.01
3020431774,190.8,6.561006944,0.01
3020431774,192.5,6.804016204,0.01
3020431774,195,6.8875,0.01
3020431774,202.5,6.948194444,0.01
3020431774,212.5,6.948402778,0.01
3020431774,217.5,6.948530093,0.01
3020431774,222.5,6.948622685,0.01
3020431774,227.5,6.948703704,0.01
3020431774,227.5,6.997199074,0.01
3020431774,227.5,6.997291667,0.01
3020431774,227.5,6.997407407,0.01
3020431774,227.5,6.997592593,0.01
3020435332,211.16,6.997997685,200
3020454530,28.68,1.023136574,0.01
3020454530,36,1.819155093,0.01
3020454530,41,4.004328704,0.01
3020454530,51,4.004456019,0.01
3020454530,61,4.00462963,0.01
3020454530,102.5,4.54568287,0.01
3020454530,102.5,4.545833333,0.01
3020454530,107.5,6.067638889,0.01
3020454530,118,6.454722222,0.01
3020454530,123.5,6.480706019,0.01
3020454530,127.5,6.541574074,0.01
3020454530,132.5,6.704814815,0.01
3020454530,152.5,6.707291667,0.01
3020454530,177.5,6.708472222,0.01
3020454530,177.5,6.819293981,0.01
3020454530,192.5,6.880416667,0.01
3020454530,202.5,6.895520833,0.01
3020454530,217.56,6.904791667,0.01
3020454530,222.5,6.944837963,0.01
3020508750,86,3.913402778,75
3020508750,102.5,4.232777778,75
3020508750,102.5,4.233344907,75
3020508750,112.5,4.233668981,75
3020508750,112.5,5.863344907,75
3020508750,112.5,5.863877315,75
3020508750,117.5,5.864201389,75
3020508750,122.5,5.864594907,75
3020508750,122.5,5.86494213,75
3020508750,127.5,6.643078704,75
3020508750,154.5,6.704722222,75
3020508750,158.5,6.705347222,75
3020508750,163.5,6.847407407,75
3020508750,172.5,6.940891204,75
3020526277,22.5,3.399976852,19.99
3020526277,26,4.028229167,19.99
3020526277,29,4.028333333,19.99
3020526277,51,4.438321759,19.99
3020526277,122.5,5.189502315,19.99
3020526277,132.5,5.189664352,19.99
3020526277,142.5,5.945648148,19.99
3020526277,152.5,5.945914352,19.99
3020526277,172.5,5.946111111,19.99
3020526277,182.5,6.28724537,19.99
3020526277,187.5,6.287395833,19.99
3020526277,201.5,6.416875,19.99
3020526277,206.5,6.881574074,19.99
3020532816,1.25,1.175393519,0.01
3020532816,5.5,1.320532407,0.01
3020532816,6.5,1.320659722,0.01
3020532816,10.5,1.320775463,0.01
3020532816,10.5,1.320868056,0.01
3020532816,15.5,1.32818287,0.01
3020532816,20.5,1.337025463,0.01
3020532816,21.5,1.337199074,0.01
3020532816,26,1.337384259,0.01
3020532816,31,1.337546296,0.01
3020532816,37.88,4.226331019,0.01
3020532816,41,4.786759259,0.01
3020532816,51,4.787037037,0.01
3020532816,56,4.7871875,0.01
3020532816,56,4.81849537,0.01
3020532816,59,5.193518519,0.01
3020532816,76,5.223784722,0.01
3020532816,81,5.341168981,0.01
3020532816,91,5.765196759,0.01
3020532816,102.5,5.765625,0.01
3020532816,102.5,5.766261574,0.01
3020532816,105,5.81005787,0.01
3020532816,112.5,5.985694444,0.01
3020532816,117.5,5.995694444,0.01
3020532816,122.5,5.995949074,0.01
3020532816,127.5,5.996134259,0.01
3020532816,127.5,5.99630787,0.01
3020532816,130,6.193009259,0.01
3020532816,142.5,6.202256944,0.01
3020532816,142.5,6.264259259,0.01
3020532816,147.5,6.266180556,0.01
3020532816,152.5,6.266423611,0.01
3020532816,152.5,6.26662037,0.01
3020532816,155,6.268032407,0.01
3020532816,160,6.269803241,0.01
3020532816,162.5,6.435659722,0.01
3020532816,172.5,6.49244213,0.01
3020532816,182.5,6.604733796,0.01
3020532816,187.5,6.60494213,0.01
3020532816,192.5,6.605081019,0.01
3020532816,197.5,6.605289352,0.01
3020532816,202.5,6.605462963,0.01
3020532816,202.5,6.985914352,0.01
3020532816,205,6.99,0.01
3020532816,207.5,6.997210648,0.01
3020532816,212.5,6.998483796,0.01
3020532816,215,6.998680556,0.01
3020532816,217.5,6.998877315,0.01
3020532816,222.5,6.9990625,0.01
3020562562,5.5,0.407326389,0.01
3020562562,10.5,1.227974537,0.01
3020562562,37.88,4.015613426,0.01
3020562562,51,5.087719907,0.01
3020562562,66,5.087986111,0.01
3020562562,71,5.088159722,0.01
3020562562,76,5.088321759,0.01
3020562562,81,5.088483796,0.01
3020562562,102.5,5.434178241,0.01
3020562562,108.5,5.434618056,0.01
3020562562,114.5,5.434965278,0.01
3020562562,119.5,5.900023148,0.01
3020562562,124.5,5.900266204,0.01
3020562562,129.5,5.900428241,0.01
3020562562,142.6,6.079236111,0.01
3020562562,147.6,6.182118056,0.01
3020562562,152.5,6.182488426,0.01
3020562562,152.6,6.359155093,0.01
3020562562,162.5,6.511157407,0.01
3020562562,167.5,6.511296296,0.01
3020562562,177.5,6.511435185,0.01
3020562562,177.5,6.5115625,0.01
3020562562,182.5,6.862986111,0.01
3020562562,192.5,6.885393519,0.01
3020562562,197.5,6.885532407,0.01
3020562562,202.5,6.89005787,0.01
3020562562,202.5,6.890208333,0.01
3020562562,205,6.894664352,0.01
3020562562,224.14,6.90068287,0.01
3020562562,232.5,6.99181713,0.01
3020562562,237.5,6.995740741,0.01
3020562562,242.5,6.996921296,0.01
3020562562,247.5,6.998159722,0.01
3021773030,102.5,2.120034722,70
3021773030,107.5,2.120520833,70
3021773030,122.5,5.071145833,70
3021773030,130.5,5.874456019,70
3021773030,130.5,5.874803241,70
3021773030,132.5,5.926076389,70
3021773030,142.5,6.758923611,70
3021773030,142.5,6.759108796,70
3021773030,144.5,6.793611111,70
3021773030,148.5,6.911782407,70
3021855303,81,5.725706019,74.9
3021855303,91,5.883969907,74.9
3021855303,91,5.884143519,74.9
3021855303,92,5.884444444,74.9
3021855303,93,5.918252315,74.9
3021855303,94,6.078622685,74.9
3021855303,102.5,6.119212963,74.9
3021855303,107.5,6.165798611,74.9
3021855303,112.5,6.165960648,74.9
3021855303,142.5,6.198726852,74.9
3021855303,152.5,6.666631944,74.9
3021855303,178.49,6.752314815,74.9
3021855303,182.5,6.921585648,74.9
3021855303,183.49,6.978668981,74.9
3021855303,188.51,6.979097222,74.9
3021855303,192.5,6.980324074,74.9
3021870696,51,0.625046296,1
3021870696,102.5,1.556400463,1
3021870696,152.5,1.911574074,1
3021870696,157.5,4.843796296,1
3021870696,162.5,4.844016204,1
3021870696,167.5,4.844270833,1
3021870696,177.5,5.864641204,1
3021884961,5.5,0.577523148,0.01
3021884961,10.5,0.604467593,0.01
3021884961,20.5,1.386111111,0.01
3021884961,51,1.780983796,0.01
3021884961,76.52,1.820208333,0.01
3021884961,88,2.045763889,0.01
3021884961,132.5,4.179976852,0.01
3021884961,142.5,4.180474537,0.01
3021884961,152.5,5.686527778,0.01
3021884961,162.5,5.762685185,0.01
3021884961,172.5,5.762951389,0.01
3021884961,182.5,5.76318287,0.01
3021884961,182.5,5.763425926,0.01
3021884961,187.5,5.789606481,0.01
3021884961,192.5,6.570590278,0.01
3021884961,194.49,6.670740741,0.01
3021884961,202.5,6.702476852,0.01
3021884961,202.5,6.922199074,0.01
3021884961,205,6.953935185,0.01
3021884961,212.5,6.962789352,0.01
3021884961,217.5,6.963356481,0.01
3021884961,227.45,6.963680556,0.01
3021965054,152.49,6.409479167,149.99
3021965054,157.5,6.864155093,149.99
3021965054,157.5,6.880381944,149.99
3021965054,162.5,6.993333333,149.99
3021965054,162.5,6.99431713,149.99
3021965054,165.01,6.997673611,149.99
3021965054,170.11,6.998171296,149.99
3021965054,175.51,6.998472222,149.99
3021984260,5.5,0.111736111,0.01
3021984260,10.5,0.255925926,0.01
3021984260,51,0.256145833,0.01
3021984260,51,0.256400463,0.01
3021984260,76,2.68150463,0.01
3021984260,102.5,3.373842593,0.01
3021984260,104.02,4.728229167,0.01
3021984260,107.5,4.937256944,0.01
3021984260,112.5,4.971180556,0.01
3021984260,112.5,5.18650463,0.01
3021984260,127.5,5.29337963,0.01
3021984260,128.72,5.2940625,0.01
3021984260,147.5,5.661886574,0.01
3021984260,152.5,5.749826389,0.01
3021984260,162.5,5.818738426,0.01
3021984260,162.5,5.943414352,0.01
3021984260,177.5,6.004050926,0.01
3021984260,202.5,6.004178241,0.01
3021984260,202.5,6.798518519,0.01
3021984260,205,6.836157407,0.01
3021984260,222.5,6.846354167,0.01
3021984260,227.5,6.988425926,0.01
3021984260,232.5,6.99525463,0.01
3021984260,235.5,6.999108796,0.01
3022000145,242.5,6.94212963,240
3022303986,102.5,0.473449074,40
3022303986,182.54,2.234224537,40
3022303986,185,2.425694444,40
3022303986,202.5,5.359895833,40
3022303986,202.5,5.360081019,40
3022303986,207.5,6.398923611,40
3022303986,213.02,6.519340278,40
3022303986,218.02,6.609490741,40
3022352711,7.5,0.840115741,5
3022352711,10.5,0.881493056,5
3022352711,23.5,0.926203704,5
3022352711,31,1.0015625,5
3022352711,36,1.001805556,5
3022352711,41,1.002060185,5
3022352711,51,1.002268519,5
3022352711,61,1.002465278,5
3022352711,71,1.002766204,5
3022352711,81,1.002986111,5
3022352711,91,1.003310185,5
3022352711,93,1.081018519,5
3022352711,96,3.820729167,5
3022352711,102.5,3.820902778,5
3022352711,102.5,3.821030093,5
3022352711,112.5,3.972418981,5
3022352711,112.5,3.972604167,5
3022352711,117.5,4.394421296,5
3022352711,122.63,4.815763889,5
3022352711,132.5,5.403043981,5
3022352711,142.5,6.126712963,5
3022352711,147.5,6.126875,5
3022352711,152.5,6.127037037,5
3022352711,157.5,6.1271875,5
3022352711,158.5,6.127326389,5
3022352711,162.5,6.333078704,5
3022352711,168.5,6.624976852,5
3022352711,173.5,6.625173611,5
3022352711,178.5,6.626157407,5
3022352711,182.5,6.626342593,5
3022352711,183.5,6.632638889,5
3022352711,188.5,6.843055556,5
3022352711,193.5,6.843263889,5
3022352711,198.5,6.843576389,5
3022352711,203.5,6.843726852,5
3022352711,208.5,6.869895833,5
3022352711,214.5,6.870532407,5
3022527291,51,2.87537037,50
3022527291,76,2.905358796,50
3022527291,102.5,2.905532407,50
3022527291,127.5,2.939756944,50
3022527291,152.5,5.042731481,50
3022527291,152.5,5.04375,50
3022527291,177.5,5.254328704,50
3022527291,177.5,5.254571759,50
3022527291,180,6.308055556,50
3022527291,192.47,6.82099537,50
3022527291,197.5,6.915983796,50
3022527291,200.47,6.951921296,50
3022527291,202.5,6.957384259,50
3022527291,212.5,6.958032407,50
3022527291,217.5,6.95869213,50
3022527291,217.5,6.958969907,50
3022527291,222.5,6.962025463,50
3022716748,20.5,0.353356481,9.95
3022716748,21.71,0.869212963,9.95
3022716748,36.99,1.50837963,9.95
3022716748,40,2.022025463,9.95
3022716748,51.01,2.260590278,9.95
3022716748,56.99,2.318090278,9.95
3022716748,86,2.874097222,9.95
3022716748,88,3.048391204,9.95
3022716748,102.5,3.145208333,9.95
3022716748,152.5,3.284872685,9.95
3022716748,157.5,3.293530093,9.95
3022716748,162.5,4.375127315,9.95
3022716748,167.5,4.375277778,9.95
3022716748,182.5,5.852476852,9.95
3022716748,187.5,6.002037037,9.95
3022716748,192.5,6.002280093,9.95
3022716748,197.5,6.002581019,9.95
3022716748,202.5,6.002777778,9.95
3022716748,202.5,6.834386574,9.95
3022716748,207.5,6.963900463,9.95
3022716748,212.5,6.964259259,9.95
3022774388,5.5,0.316215278,0.01
3022774388,6.5,1.073310185,0.01
3022774388,20.5,1.219525463,0.01
3022774388,26,1.219675926,0.01
3022774388,51,1.862164352,0.01
3022774388,56,1.900659722,0.01
3022774388,61,1.900844907,0.01
3022774388,63,2.117916667,0.01
3022774388,67,2.119131944,0.01
3022774388,71,2.120115741,0.01
3022774388,76,2.120532407,0.01
3022774388,81,2.121134259,0.01
3022774388,86,2.121423611,0.01
3022774388,92,2.122974537,0.01
3022774388,103.5,2.14087963,0.01
3022774388,112.5,2.171747685,0.01
3022774388,127.5,2.174594907,0.01
3022774388,147.5,2.174907407,0.01
3022774388,152.5,2.185428241,0.01
3022774388,152.5,2.185671296,0.01
3022774388,157.5,2.569502315,0.01
3022774388,167.5,2.604918981,0.01
3022774388,167.5,2.6053125,0.01
3022774388,172.5,6.643032407,0.01
3022774388,177.5,6.644872685,0.01
3022774388,197.5,6.644907407,0.01
3022774388,202.5,6.710474537,0.01
3022783472,11.05,0.647152778,9.95
3022783472,19.5,1.286446759,9.95
3022783472,26,2.054571759,9.95
3022783472,40,2.624768519,9.95
3022783472,86,2.651597222,9.95
3022783472,88,2.742141204,9.95
3022783472,90,2.826238426,9.95
3022783472,102.5,3.777719907,9.95
3022783472,112.5,5.038715278,9.95
3022783472,132.5,5.038842593,9.95
3022783472,152.5,5.980231481,9.95
3022783472,152.5,6.72412037,9.95
3022783472,167.5,6.848032407,9.95
3022783472,174.5,6.850891204,9.95
3022783472,181,6.851018519,9.95
3022783472,182.5,6.854560185,9.95
3022783472,187.5,6.921840278,9.95
3022783472,187.5,6.922094907,9.95
3022783472,190,6.931134259,9.95
3022783472,192.5,6.946400463,9.95
3022783472,198,6.958726852,9.95
3022783472,202.5,6.994803241,9.95
3022783472,207.5,6.997974537,9.95
3022783472,212.5,6.99974537,9.95
3022878518,10.62,0.65087963,9.95
3022878518,19.5,2.015694444,9.95
3022878518,20.5,2.107268519,9.95
3022878518,21.5,2.191273148,9.95
3022878518,68,2.286423611,9.95
3022878518,86,2.657071759,9.95
3022878518,90,3.142199074,9.95
3022878518,90,5.330532407,9.95
3022878518,100,6.230069444,9.95
3022878518,152.5,6.282858796,9.95
3022878518,167.5,6.315856481,9.95
3022878518,182.5,6.444027778,9.95
3022878518,202.5,6.454548611,9.95
3022878518,202.51,6.776724537,9.95
3022878518,217.5,6.805891204,9.95
3022878518,222.5,6.806087963,9.95
3022878518,227.5,6.817511574,9.95
3022969296,19.5,1.68318287,9.95
3022969296,20.5,1.775162037,9.95
3022969296,21.5,1.8590625,9.95
3022969296,30,2.329259259,9.95
3022969296,40,2.329606481,9.95
3022969296,70,2.400173611,9.95
3022969296,80,2.400381944,9.95
3022969296,86,3.125555556,9.95
3022969296,107.5,4.097650463,9.95
3022969296,142.5,4.099444444,9.95
3022969296,142.5,4.829849537,9.95
3022969296,142.5,4.831759259,9.95
3022969296,142.5,4.832673611,9.95
3022969296,142.5,4.8375,9.95
3022969296,142.5,5.192650463,9.95
3022969296,143.5,6.028877315,9.95
3022969296,202.5,6.478819444,9.95
3022969296,202.5,6.539340278,9.95
3022969296,212.5,6.834965278,9.95
3022969296,222.5,6.867708333,9.95
3023120360,10.5,1.008402778,1
3023120360,15.5,1.008472222,1
3023120360,20.5,1.513726852,1
3023120360,21.85,1.710393519,1
3023120360,26,2.140925926,1
3023120360,31,2.141759259,1
3023120360,51,2.628738426,1
3023120360,52,2.628993056,1
3023120360,72,2.629212963,1
3023120360,82,2.629456019,1
3023120360,92,2.629780093,1
3023120360,103.5,2.63005787,1
3023120360,113.5,2.63025463,1
3023120360,128.5,2.632453704,1
3023120360,139.01,2.632847222,1
3023120360,144.81,2.633078704,1
3023120360,144.81,2.688622685,1
3023120360,144.81,2.688912037,1
3023120360,150.01,2.87662037,1
3023120360,150.01,4.796006944,1
3023120360,150.01,4.796203704,1
3023120360,150.01,5.184293981,1
3023120360,153.51,5.184814815,1
3023120360,153.71,6.169965278,1
3023120360,167.5,6.662488426,1
3023120360,187.5,6.667905093,1
3023120360,192.5,6.668217593,1
3023120360,202.5,6.668472222,1
3023120360,202.5,6.731145833,1
3023120360,205,6.82556713,1
3023120360,210,6.981851852,1
3023120360,217.5,6.989988426,1
3023120360,222.5,6.990543981,1
3023163333,242.5,6.983078704,240
3023163333,245,6.998761574,240
3023268568,217.5,6.890613426,210
3023268568,222.5,6.89087963,210
3023387988,1.5,1.300219907,1
3023387988,31,1.414386574,1
3023387988,41,1.661608796,1
3023387988,102.5,1.73568287,1
3023387988,104.46,1.769756944,1
3023387988,152.5,2.917743056,1
3023387988,167.5,3.768865741,1
3023387988,182.5,4.731041667,1
3023387988,192.5,4.731145833,1
3023387988,202.5,4.731342593,1
3023387988,222.5,4.731469907,1
3023387988,222.5,4.731666667,1
3023474060,26,0.0978125,1
3023474060,28,0.707384259,1
3023474060,50.28,1.056736111,1
3023474060,59.28,1.057106481,1
3023474060,102.5,1.144606481,1
3023474060,106.13,1.179444444,1
3023474060,132.5,3.177650463,1
3023474060,137.5,4.137395833,1
3023474060,142.5,4.137581019,1
3023474060,152.5,4.137685185,1
3023474060,182.5,4.137824074,1
3023474060,192.5,4.137997685,1
3023474060,199,4.241840278,1
3023474060,202.5,6.229780093,1
3023474060,204,6.272002315,1
3023474060,216.5,6.748252315,1
3023474060,221.5,6.808252315,1
3023474060,226.5,6.809155093,1
3023474060,226.5,6.809699074,1
3023474060,229,6.972939815,1
3023474060,237.5,6.999270833,1
3023639205,20.5,0.410208333,9.99
3023639205,33.29,1.354097222,9.99
3023639205,45,1.470081019,9.99
3023639205,53,1.470196759,9.99
3023639205,66,1.641585648,9.99
3023639205,71.02,1.787152778,9.99
3023639205,102.5,2.046898148,9.99
3023639205,106.17,2.948726852,9.99
3023639205,112.5,2.988125,9.99
3023639205,112.5,4.123622685,9.99
3023639205,142.5,4.13775463,9.99
3023639205,147.5,5.139502315,9.99
3023639205,152.5,5.139814815,9.99
3023639205,157.5,5.167083333,9.99
3023639205,162.5,5.167395833,9.99
3023639205,168.5,5.167488426,9.99
3023639205,173.5,5.167581019,9.99
3023639205,180.5,5.167673611,9.99
3023639205,183.5,5.16775463,9.99
3023639205,187.5,6.137997685,9.99
3023639205,202.5,6.836099537,9.99
3023639205,207.5,6.924710648,9.99
3023639205,212.5,6.925277778,9.99
3023639205,217.5,6.998194444,9.99
3023639316,15.5,0.276203704,9.99
3023639316,20.5,0.343113426,9.99
3023639316,51,0.779537037,9.99
3023639316,56,0.907037037,9.99
3023639316,66,1.220138889,9.99
3023639316,76,2.038773148,9.99
3023639316,81,2.039016204,9.99
3023639316,86,2.039236111,9.99
3023639316,91,2.039398148,9.99
3023639316,102.5,2.039583333,9.99
3023639316,102.5,2.039756944,9.99
3023639316,117.5,4.003587963,9.99
3023639316,122.5,4.011724537,9.99
3023639316,132.5,4.011909722,9.99
3023639316,142.5,4.012222222,9.99
3023639316,142.5,4.012847222,9.99
3023639316,152.5,4.940949074,9.99
3023639316,162.5,5.1646875,9.99
3023639316,172.5,5.165,9.99
3023639316,177.5,5.171412037,9.99
3023639316,177.5,6.823483796,9.99
3023639316,182.5,6.870648148,9.99
3023639316,187.5,6.967962963,9.99
3023639316,192.5,6.974050926,9.99
3023639316,197.5,6.980092593,9.99
3023639316,202.5,6.999351852,9.99
3023639316,202.5,6.999421296,9.99
3023639316,205,6.999479167,9.99
3023639316,210.5,6.999710648,9.99
3023653216,177.5,6.947615741,175
3023653216,192.5,6.955601852,175
3023653216,192.5,6.999560185,175
3023653463,182.5,6.8334375,175
3023653463,182.5,6.833819444,175
3023653463,187.5,6.999293981,175
3023653463,197.5,6.999861111,175
3023680963,1.5,0.170405093,1
3023680963,20.5,0.253356481,1
3023680963,26,1.187696759,1
3023680963,51,1.214618056,1
3023680963,66,1.214837963,1
3023680963,66,1.215150463,1
3023680963,76,1.258611111,1
3023680963,86,1.833009259,1
3023680963,96,1.833240741,1
3023680963,102.5,1.833472222,1
3023680963,107.5,1.834027778,1
3023680963,112.5,1.883854167,1
3023680963,162.5,3.174444444,1
3023680963,167.5,5.945081019,1
3023680963,172.5,6.011655093,1
3023680963,199.83,6.354398148,1
3023680963,209.94,6.354571759,1
3023680963,217.51,6.847534722,1
3023680963,222.5,6.896886574,1
3023680963,227.5,6.996724537,1
3023680963,232.5,6.997037037,1
3023700043,122.5,4.894849537,50
3023700043,122.5,5.052835648,50
3023700043,122.5,5.052997685,50
3023700043,162.5,5.40681713,50
3023700043,172.5,5.407476852,50
3023700043,182.5,6.000891204,50
3023700043,192.5,6.575243056,50
3023700043,202.5,6.575613426,50
3023700043,210,6.89431713,50
3023746524,1.25,2.628703704,1
3023746524,1.5,3.721793981,1
3023746524,10.5,3.927847222,1
3023746524,18.55,3.979155093,1
3023746524,21.72,4.91037037,1
3023746524,22.76,4.910810185,1
3023746524,23.76,5.013229167,1
3023746524,24.76,5.013356481,1
3023746524,26.26,5.013472222,1
3023746524,26.61,5.680509259,1
3023746524,66.01,5.723460648,1
3023746524,66.01,5.922638889,1
3023746524,66.01,6.006956019,1
3023746524,66.01,6.007280093,1
3023746524,66.01,6.007488426,1
3023746524,67.14,6.007858796,1
3023746524,71,6.450046296,1
3023746524,73,6.531550926,1
3023746524,77,6.531909722,1
3023746524,86,6.532094907,1
3023746524,94.99,6.607060185,1
3023746524,102.65,6.607222222,1
3023746524,106.49,6.720636574,1
3023746524,112.5,6.791030093,1
3023746524,114.5,6.901782407,1
3023746524,117,6.911631944,1
3023746524,132.5,6.912395833,1
3023746524,137.5,6.921527778,1
3023746524,137.5,6.922268519,1
3023746524,142.5,6.92349537,1
3023746524,157.5,6.999027778,1
3023746524,172.5,6.999583333,1
3023748273,1.25,2.626527778,1
3023748273,1.5,3.017928241,1
3023748273,1.75,3.778229167,1
3023748273,16.05,3.923043981,1
3023748273,18.51,5.859756944,1
3023748273,26,5.903310185,1
3023748273,26.05,6.376921296,1
3023748273,31,6.377002315,1
3023748273,36,6.377118056,1
3023748273,40,6.3771875,1
3023748273,46,6.39306713,1
3023748273,51,6.393796296,1
3023748273,52.66,6.394456019,1
3023748273,56.6,6.403310185,1
3023748273,59,6.403703704,1
3023748273,66,6.504872685,1
3023748273,66.99,6.505,1
3023748273,72,6.529398148,1
3023748273,76,6.529583333,1
3023748273,78,6.561319444,1
3023748273,80,6.561516204,1
3023748273,81,6.630069444,1
3023748273,84,6.770381944,1
3023748273,91,6.777152778,1
3023748273,96.51,6.781168981,1
3023748273,99.53,6.781550926,1
3023748273,107.5,6.783321759,1
3023748273,114.5,6.783564815,1
3023748273,120.5,6.783761574,1
3023748273,125.5,6.783958333,1
3023748273,131.5,6.784143519,1
3023748273,141.01,6.828206019,1
3023748273,154.04,6.923055556,1
3023748273,157.5,6.923472222,1
3023748273,159.07,6.964363426,1
3023748273,177.5,6.980347222,1
3023748273,182.5,6.997303241,1
3023748273,182.5,6.997662037,1
3023748273,185,6.998900463,1
3023748273,187.5,6.999675926,1
3023864656,172.5,5.670775463,150
3023864656,189.4,6.723611111,150
3023864656,194.4,6.812916667,150
3023864656,199.4,6.813587963,150
3023876273,10.49,0.335648148,9.99
3023876273,13,0.958298611,9.99
3023876273,26,1.097256944,9.99
3023876273,26,1.097581019,9.99
3023876273,36,1.189733796,9.99
3023876273,41,1.723368056,9.99
3023876273,43,1.79037037,9.99
3023876273,51,1.993958333,9.99
3023876273,58.5,2.0334375,9.99
3023876273,76.5,2.046759259,9.99
3023876273,83.5,2.047013889,9.99
3023876273,102.5,2.047314815,9.99
3023876273,104,2.54287037,9.99
3023876273,127.5,2.666782407,9.99
3023876273,142.5,2.691076389,9.99
3023876273,153.5,2.691527778,9.99
3023876273,158,3.626828704,9.99
3023876273,158.5,4.160081019,9.99
3023876273,180,4.189872685,9.99
3023876273,185,4.255162037,9.99
3023876273,190,4.255509259,9.99
3023876273,192.5,5.285891204,9.99
3023876273,212.5,5.597407407,9.99
3023876273,222.03,5.597743056,9.99
3023876273,222.5,6.7059375,9.99
3023876273,232.5,6.760358796,9.99
3023876273,237.5,6.980949074,9.99
3023885982,52.01,0.302164352,1
3023885982,66,1.594479167,1
3023885982,68,1.651331019,1
3023885982,71,1.960671296,1
3023885982,81.02,2.332511574,1
3023885982,86.02,3.05869213,1
3023885982,88.02,3.570335648,1
3023885982,91,3.570416667,1
3023885982,93,3.570509259,1
3023885982,95,3.57056713,1
3023885982,103.5,3.570671296,1
3023885982,105,4.317546296,1
3023885982,115,4.581099537,1
3023885982,120.01,4.612847222,1
3023885982,132.5,4.645949074,1
3023885982,137.5,4.7709375,1
3023885982,169.5,5.179085648,1
3023885982,192.5,6.039108796,1
3023885982,199.93,6.187280093,1
3023885982,208.5,6.2275,1
3023885982,213.5,6.227731481,1
3023885982,218.5,6.990717593,1
3023885982,226.49,6.998935185,1
3023885982,234.49,6.999178241,1
3023898379,1.5,1.695983796,1
3023898379,10.5,2.686284722,1
3023898379,20.5,2.686354167,1
3023898379,31,2.686412037,1
3023898379,51,2.956689815,1
3023898379,51,3.158796296,1
3023898379,61,3.545,1
3023898379,67.91,3.63693287,1
3023898379,76,3.899212963,1
3023898379,81,3.899444444,1
3023898379,91,3.899594907,1
3023898379,102.5,3.899803241,1
3023898379,102.5,3.899953704,1
3023898379,112.5,3.900138889,1
3023898379,117.5,4.947534722,1
3023898379,122.5,5.032013889,1
3023898379,132.51,6.503888889,1
3023898379,137.51,6.710520833,1
3023898379,147.5,6.710729167,1
3023898379,151.51,6.742233796,1
3023898379,167.5,6.742592593,1
3023898379,167.5,6.783715278,1
3023898379,167.5,6.78380787,1
3023898379,172.5,6.831851852,1
3023898379,180.27,6.91400463,1
3023962700,5.5,0.329606481,1
3023962700,51,0.50912037,1
3023962700,66,0.89068287,1
3023962700,86,1.0084375,1
3023962700,100,1.024953704,1
3023962700,103.5,4.013055556,1
3023962700,105,4.013298611,1
3023962700,109.51,4.042569444,1
3023962700,115,4.075740741,1
3023962700,117.5,4.20037037,1
3023962700,122.5,5.070671296,1
3023962700,142.5,5.186770833,1
3023962700,152.5,5.249074074,1
3023962700,152.5,5.469351852,1
3023962700,167.5,5.651550926,1
3023962700,191.5,6.094166667,1
3023962700,196.5,6.279421296,1
3023962700,202.5,6.509189815,1
3023962700,212.5,6.619340278,1
3023962700,217.5,6.688703704,1
3023962700,227.5,6.880532407,1
3023962700,232.5,6.880775463,1
3023962700,234.49,6.881203704,1
3024052380,51,0.259895833,5
3024052380,102.5,0.667256944,5
3024052380,132.5,0.748506944,5
3024052380,142.5,0.787175926,5
3024052380,152.5,4.842395833,5
3024052380,152.5,4.842592593,5
3024052380,170,5.182708333,5
3024052380,177.5,5.183032407,5
3024052380,182.5,6.674305556,5
3024052380,183.5,6.674872685,5
3024052380,186,6.709965278,5
3024052380,188.5,6.918611111,5
3024052380,200.5,6.919236111,5
3024052380,202.5,6.950162037,5
3024052380,204.5,6.982210648,5
3024095861,67,1.123206019,1
3024095861,91,2.681793981,1
3024095861,152.5,3.222256944,1
3024095861,152.5,5.975138889,1
3024095861,172.5,6.144212963,1
3024095861,172.5,6.14431713,1
3024095861,187.5,6.14443287,1
3024095861,187.75,6.510138889,1
3024095861,197.5,6.51056713,1
3024095861,202.5,6.755266204,1
3024095861,202.5,6.937511574,1
3024095861,222.5,6.937893519,1
3024095861,227.5,6.950891204,1
3024095861,232.5,6.955555556,1
3024095861,232.5,6.997002315,1
3024119831,31,0.681886574,9.95
3024119831,33.56,0.682060185,9.95
3024119831,41,0.803032407,9.95
3024119831,51,1.025439815,9.95
3024119831,61,1.576875,9.95
3024119831,71,1.577048611,9.95
3024119831,81,1.577256944,9.95
3024119831,91,1.577418981,9.95
3024119831,102.5,1.577581019,9.95
3024119831,109,2.158136574,9.95
3024119831,152.5,2.181157407,9.95
3024119831,182.5,4.130810185,9.95
3024119831,189,4.130960648,9.95
3024119831,202.5,6.081608796,9.95
3024119831,202.5,6.081724537,9.95
3024119831,205,6.977418981,9.95
3024119831,212.5,6.997141204,9.95
3024119831,218.04,6.997696759,9.95
3024119831,228.83,6.998136574,9.95
3024119831,232.5,6.99837963,9.95
3024165142,1.25,2.450520833,1
3024165142,1.5,2.488796296,1
3024165142,2,3.009722222,1
3024165142,3.25,3.466574074,1
3024165142,5.5,3.568171296,1
3024165142,8,3.851134259,1
3024165142,10.5,3.862974537,1
3024165142,20.5,4.287025463,1
3024165142,26,4.314375,1
3024165142,30,4.314918981,1
3024165142,36,4.456851852,1
3024165142,40,4.457025463,1
3024165142,41,4.462511574,1
3024165142,46,5.352256944,1
3024165142,51,5.515891204,1
3024165142,56,5.516064815,1
3024165142,61,5.516273148,1
3024165142,75,5.948171296,1
3024165142,95,5.94849537,1
3024165142,100,5.948726852,1
3024165142,103.5,5.949351852,1
3024165142,113.5,5.951921296,1
3024165142,123.5,5.9521875,1
3024165142,127.5,5.952430556,1
3024165142,133.5,6.080474537,1
3024165142,138.5,6.297013889,1
3024165142,147.5,6.414074074,1
3024165142,157.5,6.428587963,1
3024165142,162.5,6.428819444,1
3024165142,167.5,6.42974537,1
3024165142,172.5,6.429930556,1
3024165142,172.5,6.436585648,1
3024165142,175,6.558935185,1
3024165142,177.5,6.595891204,1
3024165142,182.5,6.626516204,1
3024165142,187.5,6.626736111,1
3024165142,189.5,6.626921296,1
3024165142,192,6.995289352,1
3024179301,31,0.37412037,1
3024179301,67,0.541967593,1
3024179301,100,1.135358796,1
3024179301,102.5,4.290231481,1
3024179301,107.52,4.910393519,1
3024179301,153.5,4.999490741,1
3024179301,157.38,5.240243056,1
3024179301,158.5,5.38494213,1
3024179301,163.5,5.496388889,1
3024179301,167.5,5.496550926,1
3024179301,172.5,5.931261574,1
3024179301,177.49,6.311678241,1
3024179301,177.5,6.492060185,1
3024179301,202.5,6.499849537,1
3024179301,202.5,6.500046296,1
3024179301,207.5,6.504351852,1
3024179301,212.5,6.505243056,1
3024264085,67,0.620393519,1
3024264085,76.02,2.674490741,1
3024264085,81,2.730555556,1
3024264085,100.99,2.730648148,1
3024264085,102.5,3.163981481,1
3024264085,107.5,3.641111111,1
3024264085,107.52,3.641203704,1
3024264085,112.5,3.977256944,1
3024264085,117.5,3.99443287,1
3024264085,122.5,3.994513889,1
3024264085,122.52,3.994606481,1
3024264085,127.5,5.842037037,1
3024264085,167.5,5.865729167,1
3024264085,172.5,5.998599537,1
3024264085,187.5,6.218275463,1
3024264085,192.5,6.630173611,1
3024264085,202.5,6.693310185,1
3024264085,220.25,6.696886574,1
3024264085,229.75,6.697349537,1
3024274951,10.5,3.003113426,10
3024274951,21.51,3.071863426,10
3024274951,26,3.471122685,10
3024274951,31,3.47130787,10
3024274951,36,3.471493056,10
3024274951,41,3.47212963,10
3024274951,51,3.472337963,10
3024274951,52,3.479780093,10
3024274951,61,4.055416667,10
3024274951,86,4.36525463,10
3024274951,152.5,4.453055556,10
3024274951,152.5,6.174583333,10
3024274951,162.5,6.23193287,10
3024274951,172.5,6.388900463,10
3024274951,182.5,6.389270833,10
3024274951,182.5,6.389733796,10
3024287595,172.5,6.560972222,150
3024287595,172.5,6.589548611,150
3024287595,172.5,6.589664352,150
3024287595,182.5,6.589780093,150
3024287595,192.5,6.589872685,150
3024287595,202.49,6.589988426,150
3024287595,202.5,6.820127315,150
3024287595,205,6.987766204,150
3024287595,207.5,6.988576389,150
3024287595,210,6.988912037,150
3024290827,51,1.095844907,9.95
3024290827,53,1.926284722,9.95
3024290827,61,3.646967593,9.95
3024290827,66,3.647256944,9.95
3024290827,66,3.647511574,9.95
3024290827,76,3.792175926,9.95
3024290827,82,3.952233796,9.95
3024290827,87,3.952534722,9.95
3024290827,89,5.163784722,9.95
3024290827,91,5.163923611,9.95
3024290827,94,5.164143519,9.95
3024290827,102.5,5.164733796,9.95
3024290827,112.5,5.963043981,9.95
3024290827,127.5,5.965543981,9.95
3024290827,128,5.976956019,9.95
3024290827,152.5,6.088148148,9.95
3024290827,157.5,6.446388889,9.95
3024290827,192.5,6.516134259,9.95
3024290827,202.5,6.571747685,9.95
3024290827,210.5,6.782418981,9.95
3024290827,218.5,6.782719907,9.95
3024290827,222.5,6.828171296,9.95
3024290827,227.51,6.942094907,9.95
3024290827,232.51,6.988657407,9.95
3024361363,52.01,0.628611111,1
3024361363,54.01,0.999837963,1
3024361363,56.01,1.000115741,1
3024361363,58.01,1.000266204,1
3024361363,67,2.052719907,1
3024361363,76,2.716388889,1
3024361363,78,4.308576389,1
3024361363,81.01,4.78556713,1
3024361363,86.3,5.060833333,1
3024361363,102.5,5.308923611,1
3024361363,102.5,5.309270833,1
3024361363,122.5,5.409895833,1
3024361363,132.5,5.5009375,1
3024361363,137.5,5.501215278,1
3024361363,154.5,5.52462963,1
3024361363,162.5,5.628668981,1
3024361363,177.5,5.920196759,1
3024361363,182.5,6.056736111,1
3024361363,190,6.184340278,1
3024361363,197.5,6.512638889,1
3024361363,202.5,6.513113426,1
3024361363,202.5,6.966921296,1
3024361363,212.5,6.991967593,1
3024361363,222.5,6.992407407,1
3024406300,13.49,1.85962963,9.99
3024406300,26.51,6.051157407,9.99
3024406300,71,6.068449074,9.99
3024406300,102.5,6.280289352,9.99
3024406300,112.5,6.811423611,9.99
3024406300,117.5,6.843506944,9.99
3024406300,135.04,6.860798611,9.99
3024406300,149.5,6.867615741,9.99
3024406300,151.4,6.943240741,9.99
3024406300,153.9,6.968449074,9.99
3024406300,156.4,6.979456019,9.99
3024406300,172.5,6.992708333,9.99
3024406300,177.5,6.998865741,9.99
3024406300,182.5,6.999097222,9.99
3024406300,187.5,6.999305556,9.99
3024406300,192.5,6.999467593,9.99
3024406300,197.5,6.999641204,9.99
3024416642,11.5,3.980208333,9.99
3024416642,26.51,6.0340625,9.99
3024416642,31,6.077789352,9.99
3024416642,41,6.077962963,9.99
3024416642,51,6.078125,9.99
3024416642,66,6.078275463,9.99
3024416642,71,6.0784375,9.99
3024416642,73,6.304814815,9.99
3024416642,76,6.304965278,9.99
3024416642,76.01,6.75875,9.99
3024416642,81.01,6.764849537,9.99
3024416642,86.01,6.765,9.99
3024416642,91.01,6.765092593,9.99
3024416642,96.01,6.765266204,9.99
3024416642,102.5,6.83193287,9.99
3024416642,107.5,6.832060185,9.99
3024416642,112.5,6.832164352,9.99
3024416642,117.5,6.835868056,9.99
3024416642,122.5,6.877407407,9.99
3024416642,142.5,6.877569444,9.99
3024416642,143.49,6.888206019,9.99
3024416642,149.5,6.945902778,9.99
3024416642,155.5,6.962534722,9.99
3024416642,158,6.962731481,9.99
3024416642,160.5,6.978009259,9.99
3024416642,178,6.982835648,9.99
3024416642,188,6.997951389,9.99
3024416642,197.5,6.999479167,9.99
3024487267,11.5,0.922592593,9.95
3024487267,12.5,0.923298611,9.95
3024487267,20.5,0.923518519,9.95
3024487267,31,0.923703704,9.95
3024487267,41,3.090219907,9.95
3024487267,41.02,3.564675926,9.95
3024487267,46,4.087488426,9.95
3024487267,51,4.706898148,9.95
3024487267,56,4.707233796,9.95
3024487267,61,4.70744213,9.95
3024487267,63,4.86212963,9.95
3024487267,66,4.862766204,9.95
3024487267,70,4.863263889,9.95
3024487267,76,4.86431713,9.95
3024487267,78.02,5.113935185,9.95
3024487267,80,5.164803241,9.95
3024487267,102.5,5.681979167,9.95
3024487267,102.5,5.682141204,9.95
3024487267,112.5,5.964849537,9.95
3024487267,117.5,5.986006944,9.95
3024487267,142.5,6.006701389,9.95
3024487267,152.5,6.007349537,9.95
3024487267,167.5,6.007708333,9.95
3024487267,177.5,6.008113426,9.95
3024487267,192.5,6.018483796,9.95
3024487267,202.5,6.024143519,9.95
3024487267,202.5,6.029293981,9.95
3024487267,207.5,6.578634259,9.95
3024487267,212.5,6.944340278,9.95
3024487267,218.01,6.971956019,9.95
3024487267,222.5,6.973564815,9.95
3024527409,51,0.409386574,1
3024527409,51,0.410462963,1
3024527409,76,0.458599537,1
3024527409,102.5,0.463668981,1
3024527409,102.5,0.464502315,1
3024527409,107.5,3.665381944,1
3024527409,107.5,4.021180556,1
3024527409,112.5,4.476481481,1
3024527409,112.5,4.476678241,1
3024527409,117.5,4.780902778,1
3024527409,137.5,4.786990741,1
3024527409,137.5,4.965543981,1
3024527409,142.5,5.707708333,1
3024527409,142.5,5.884108796,1
3024527409,155,5.913217593,1
3024527409,160.5,6.196435185,1
3024527409,182.5,6.41375,1
3024527409,190.09,6.413854167,1
3024527409,192.5,6.618773148,1
3024527409,195,6.781608796,1
3024527409,202.5,6.89912037,1
3024527409,217.5,6.919768519,1
3024527409,227.5,6.923622685,1
3024527409,227.5,6.925474537,1
3024568877,5.5,0.451446759,1
3024568877,10.5,0.452037037,1
3024568877,76,0.78212963,1
3024568877,78,3.267476852,1
3024568877,86.3,3.736875,1
3024568877,100.99,4.364837963,1
3024568877,118.25,4.827407407,1
3024568877,132.5,4.82837963,1
3024568877,137.5,4.828773148,1
3024568877,138.5,6.19875,1
3024568877,154.5,6.213738426,1
3024568877,172.5,6.242210648,1
3024568877,182.5,6.373819444,1
3024568877,192.5,6.584976852,1
3024568877,227.5,6.81818287,1
3024568877,232.5,6.818622685,1
3024568877,232.51,6.916261574,1
3024568877,247.5,6.955405093,1
3024579326,192.5,6.582407407,179.99
3024579326,202.49,6.583148148,179.99
3024579326,202.5,6.991851852,179.99
3024579326,217.5,6.993032407,179.99
3024579326,222.5,6.993356481,179.99
3024579326,227.5,6.997719907,179.99
3024579326,227.5,6.998032407,179.99
3024579326,232.5,6.998923611,179.99
3024579326,237.5,6.999513889,179.99
3024676416,15.5,1.073831019,9.95
3024676416,20.5,1.636412037,9.95
3024676416,21.5,2.729247685,9.95
3024676416,22.5,2.729710648,9.95
3024676416,30,2.733946759,9.95
3024676416,31,2.967465278,9.95
3024676416,36,2.988425926,9.95
3024676416,41,2.988553241,9.95
3024676416,41,2.988668981,9.95
3024676416,51,5.080023148,9.95
3024676416,61,5.08775463,9.95
3024676416,71,5.087974537,9.95
3024676416,76,5.088726852,9.95
3024676416,81,5.088819444,9.95
3024676416,86,5.088935185,9.95
3024676416,89,5.322476852,9.95
3024676416,91,5.322824074,9.95
3024676416,93,5.679861111,9.95
3024676416,95,5.701006944,9.95
3024676416,107.5,6.076331019,9.95
3024676416,112.5,6.076944444,9.95
3024676416,128,6.10775463,9.95
3024676416,132.5,6.10818287,9.95
3024676416,133,6.603333333,9.95
3024676416,147.5,6.654560185,9.95
3024676416,147.5,6.654641204,9.95
3024676416,152.5,6.686388889,9.95
3024676416,162.5,6.694456019,9.95
3024676416,172.5,6.694895833,9.95
3024676416,177.5,6.694976852,9.95
3024676416,182.5,6.705625,9.95
3024676416,182.5,6.869560185,9.95
3024676416,202.5,6.894143519,9.95
3024676416,202.5,6.921377315,9.95
3024676416,227.5,6.989513889,9.95
3024676416,227.5,6.99087963,9.95
3024707992,38.35,1.096168981,1
3024707992,42.25,1.114803241,1
3024707992,51,1.136805556,1
3024707992,53,2.73349537,1
3024707992,71.02,2.905775463,1
3024707992,86.3,3.206388889,1
3024707992,91.02,4.775196759,1
3024707992,167.5,5.577210648,1
3024707992,192.5,5.753391204,1
3024707992,197.5,5.754247685,1
3024707992,202.5,5.834895833,1
3024707992,202.5,5.835185185,1
3024707992,212.5,6.519108796,1
3024707992,222.5,6.948356481,1
3024707992,222.5,6.958391204,1
3024707992,227.5,6.959386574,1
3024707992,237.5,6.959837963,1
3024707992,242.5,6.960173611,1
3024823511,20.5,0.276979167,9.95
3024823511,26,0.762372685,9.95
3024823511,26.01,0.7625,9.95
3024823511,31,4.0496875,9.95
3024823511,31,4.049803241,9.95
3024823511,32,4.633611111,9.95
3024823511,34,4.704224537,9.95
3024823511,36,4.743090278,9.95
3024823511,51,4.750231481,9.95
3024823511,51,4.752592593,9.95
3024823511,55,4.792604167,9.95
3024823511,61,4.79287037,9.95
3024823511,61.01,4.948576389,9.95
3024823511,66,5.761550926,9.95
3024823511,71,5.80150463,9.95
3024823511,72,5.801759259,9.95
3024823511,74,5.863680556,9.95
3024823511,127.5,5.931168981,9.95
3024823511,127.5,5.965729167,9.95
3024823511,127.5,6.00625,9.95
3024823511,127.5,6.006435185,9.95
3024823511,127.5,6.006608796,9.95
3024823511,127.5,6.010902778,9.95
3024823511,127.5,6.011041667,9.95
3024823511,127.5,6.011145833,9.95
3024823511,127.5,6.011319444,9.95
3024823511,127.5,6.011412037,9.95
3024823511,142.5,6.011539352,9.95
3024823511,147.5,6.08724537,9.95
3024823511,152.5,6.087418981,9.95
3024823511,152.5,6.17287037,9.95
3024823511,159.5,6.19224537,9.95
3024823511,167.5,6.268449074,9.95
3024823511,177.5,6.269097222,9.95
3024823511,183.5,6.660416667,9.95
3024823511,187.5,6.660752315,9.95
3024823511,189.5,6.765497685,9.95
3024823511,192.5,6.829780093,9.95
3024823511,197.5,6.854861111,9.95
3024823511,202.5,6.932581019,9.95
3024823511,222.5,6.947094907,9.95
3024823511,227.5,6.983263889,9.95
3024823511,232.5,6.986041667,9.95
3024953755,2.25,0.211041667,1
3024953755,5.5,0.211215278,1
3024953755,22.5,0.368541667,1
3024953755,86.3,0.517175926,1
3024953755,89,3.119664352,1
3024953755,91,3.320243056,1
3024953755,93.99,3.491203704,1
3024953755,103.5,4.223101852,1
3024953755,107.5,4.652581019,1
3024953755,117.01,4.891736111,1
3024953755,127.5,4.89193287,1
3024953755,147.5,4.892094907,1
3024953755,162.5,4.892233796,1
3024953755,177.5,4.892384259,1
3024953755,177.51,6.155231481,1
3024953755,202.5,6.179247685,1
3024953755,202.5,6.179513889,1
3024953755,210,6.305011574,1
3024963300,202.5,6.826689815,199.99
3024963300,204.99,6.82755787,199.99
3024963300,209.99,6.829560185,199.99
3024963300,212.5,6.943657407,199.99
3024963300,222.5,6.969201389,199.99
3024963300,222.5,6.97412037,199.99
3024980031,10.45,0.137210648,9.95
3024980031,11.45,0.138715278,9.95
3024980031,12.45,0.138900463,9.95
3024980031,13.45,0.139490741,9.95
3024980031,15.5,0.139594907,9.95
3024980031,26,0.154097222,9.95
3024980031,31,0.154212963,9.95
3024980031,31,0.154305556,9.95
3024980031,36,0.159224537,9.95
3024980031,36,0.159560185,9.95
3024980031,39,0.160185185,9.95
3024980031,41,1.121030093,9.95
3024980031,46,1.184097222,9.95
3024980031,51,1.184224537,9.95
3024980031,71,2.191180556,9.95
3024980031,81,3.003287037,9.95
3024980031,113.61,3.426898148,9.95
3024980031,119.5,5.10287037,9.95
3024980031,125.5,5.10337963,9.95
3024980031,140.5,5.292106481,9.95
3024980031,151.5,5.292361111,9.95
3024980031,159.5,5.292546296,9.95
3024980031,192.5,5.700856481,9.95
3024980031,197.5,6.8721875,9.95
3024980031,202.5,6.87244213,9.95
3024980031,202.5,6.87275463,9.95
3024980031,217.5,6.937418981,9.95
3024980031,222.51,6.969085648,9.95
3024980031,233.02,6.97087963,9.95
3024980031,238.02,6.997384259,9.95
3024980031,239.25,6.998576389,9.95
3024980031,242.5,6.999050926,9.95
3024980031,245.25,6.999768519,9.95
3025133084,2.25,0.082928241,1
3025133084,10.5,0.7928125,1
3025133084,26,2.003460648,1
3025133084,51,2.003877315,1
3025133084,86.3,2.004201389,1
3025133084,89,2.159085648,1
3025133084,91,2.355844907,1
3025133084,102.5,3.257835648,1
3025133084,103.5,4.038541667,1
3025133084,118.25,4.287372685,1
3025133084,128,4.28787037,1
3025133084,135.25,4.290532407,1
3025133084,150.27,4.577314815,1
3025133084,180.27,4.577476852,1
3025133084,190.27,4.57775463,1
3025133084,200.27,4.577905093,1
3025133084,220,6.300844907,1
3025266581,26,0.237407407,1
3025266581,31,0.292476852,1
3025266581,51,0.292604167,1
3025266581,56,0.292708333,1
3025266581,61,1.316678241,1
3025266581,63,1.601122685,1
3025266581,65,1.79912037,1
3025266581,86.3,2.671111111,1
3025266581,88.5,2.700115741,1
3025266581,102.5,3.081006944,1
3025266581,103.5,3.082673611,1
3025266581,122.5,3.08619213,1
3025266581,122.5,3.377997685,1
3025266581,128.25,3.731354167,1
3025266581,135.25,3.733831019,1
3025266581,142.5,3.739733796,1
3025266581,152.25,4.021435185,1
3025266581,157.5,5.558923611,1
3025266581,162.5,5.792094907,1
3025266581,180.27,5.880439815,1
3025266581,181,6.091863426,1
3025266581,202.5,6.371689815,1
3025266581,205,6.371840278,1
3025266581,210,6.385856481,1
3025370463,10.5,0.267719907,1
3025370463,85.5,0.309907407,1
3025370463,91,0.604143519,1
3025370463,98,0.604375,1
3025370463,112.5,0.60462963,1
3025370463,127.5,0.610439815,1
3025370463,132.5,1.351793981,1
3025370463,142.5,3.811990741,1
3025370463,152,3.884189815,1
3025370463,152.5,4.924618056,1
3025370463,157.5,5.15912037,1
3025370463,157.5,5.15931713,1
3025370463,160,6.055,1
3025370463,182.5,6.150138889,1
3025370463,192.5,6.333703704,1
3025370463,192.5,6.333831019,1
3025370463,195,6.413240741,1
3025370463,212.5,6.678888889,1
3025370463,212.72,6.685972222,1
3025370463,226.5,6.744849537,1
3025370463,232.5,6.874652778,1
3025373736,10.5,0.257662037,1
3025373736,11.5,1.155277778,1
3025373736,76.02,1.16130787,1
3025373736,86.3,2.103078704,1
3025373736,102.5,2.212835648,1
3025373736,132.5,2.48681713,1
3025373736,164,2.929247685,1
3025373736,177.5,3.135925926,1
3025373736,197.5,3.136273148,1
3025373736,202.5,5.91431713,1
3025373736,217.5,6.901979167,1
3025373736,217.5,6.915636574,1
3025373736,227.5,6.959027778,1
3025473203,10.99,0.717222222,9.99
3025473203,11.99,0.717430556,9.99
3025473203,24.28,0.717581019,9.99
3025473203,33,0.717708333,9.99
3025473203,46.67,1.012581019,9.99
3025473203,67,1.044224537,9.99
3025473203,76,1.584849537,9.99
3025473203,78,1.655763889,9.99
3025473203,80,1.814756944,9.99
3025473203,81,1.81494213,9.99
3025473203,86,2.816006944,9.99
3025473203,86,2.816180556,9.99
3025473203,102.5,2.951145833,9.99
3025473203,112.5,3.504386574,9.99
3025473203,117.5,3.504502315,9.99
3025473203,127.5,3.504618056,9.99
3025473203,137.5,3.504780093,9.99
3025473203,137.5,4.549039352,9.99
3025473203,142.5,5.591875,9.99
3025473203,142.5,5.592152778,9.99
3025473203,145,6.215046296,9.99
3025473203,152.5,6.440300926,9.99
3025473203,152.5,6.440821759,9.99
3025473203,157.5,6.534907407,9.99
3025473203,167.5,6.780625,9.99
3025473203,172.5,6.781747685,9.99
3025473203,177.5,6.783784722,9.99
3025473203,178.5,6.853113426,9.99
3025473203,187.5,6.995706019,9.99
3025473203,192.5,6.996423611,9.99
3025473203,192.6,6.996550926,9.99
3025473203,198.5,6.997013889,9.99
3025473203,202.5,6.997372685,9.99
3025473203,203.5,6.997777778,9.99
3025473203,207.5,6.999108796,9.99
3025486868,5.5,0.421712963,1
3025486868,10.5,0.421840278,1
3025486868,20.5,0.42193287,1
3025486868,76.02,0.821388889,1
3025486868,78.02,1.003923611,1
3025486868,102.5,1.717118056,1
3025486868,103.5,2.146412037,1
3025486868,127.5,2.726331019,1
3025486868,135.25,2.747685185,1
3025486868,148.4,2.871840278,1
3025486868,152.5,2.872280093,1
3025486868,161.4,2.951400463,1
3025486868,166.4,5.645636574,1
3025486868,172.5,5.646435185,1
3025486868,177.5,5.647210648,1
3025486868,177.5,5.647789352,1
3025486868,182.5,6.035023148,1
3025486868,182.5,6.035486111,1
3025486868,185,6.384490741,1
3025486868,194.75,6.562905093,1
3025486868,199.75,6.668819444,1
3025486868,202.5,6.669328704,1
3025486868,204.75,6.858414352,1
3025486868,212.5,6.958229167,1
3025486868,227.5,6.966273148,1
3025486868,228,6.999027778,1
3406945791,31,0.025393519,9.99
3406945791,53,0.0575,9.99
3406945791,96,0.662476852,9.99
3406945791,127.5,0.662615741,9.99
3406945791,147.5,0.662800926,9.99
3406945791,152.5,0.663043981,9.99
3406945791,155,0.765474537,9.99
3406945791,177.5,0.809525463,9.99
3406945791,197.5,0.933414352,9.99
3406945791,197.5,0.933506944,9.99
3406945791,202.5,1.109525463,9.99
3406945791,202.5,3.681678241,9.99
3406945791,207.5,4.0453125,9.99
3406945791,217.5,4.04568287,9.99
3406945791,222.5,6.607858796,9.99
3406945791,227.5,6.607986111,9.99
3406945791,227.5,6.608148148,9.99
3406945791,232.5,6.676377315,9.99
